action,backend_pair,comparison_details,continuation_success,cross_workload_generalization_source,evaluation_block,gradient_noise_floor,hardware_window,hellinger_deviation,normalized_gradient_disagreement,objective_deviation,pair_results_pooled,provenance,replication_scope,rq3_pair_order,source_architecture,source_backend,stable_continuation,stable_step_index,target_backend
replay,ibm_fez->ibm_fez,"{""absolute_gradient_difference"": 4.823191739745564, ""comparisons"": [{""absolute_gradient_difference"": 7.278724912920085, ""gradient_direction_disagreement"": null, ""gradient_noise_floor"": 7.814992316213807, ""hellinger_deviation"": 0.16121963716854096, ""normalized_gradient_disagreement"": 0.9313796633963254, ""objective_deviation"": 0.004312500000000163, ""reference_gradient_norm"": 1.403656734313344, ""step_index"": 0, ""within_envelope"": true}, {""absolute_gradient_difference"": 4.823191739745564, ""gradient_direction_disagreement"": null, ""gradient_noise_floor"": 7.814992316213807, ""hellinger_deviation"": 0.19669461488894138, ""normalized_gradient_disagreement"": 0.6171716547614335, ""objective_deviation"": 0.00013541666666583296, ""reference_gradient_norm"": 1.871251157733154, ""step_index"": 1, ""within_envelope"": true}], ""continuation_success"": true, ""first_step_overshoot"": 0.004312500000000163, ""gradient_direction_disagreement"": null, ""gradient_noise_floor"": 7.814992316213807, ""hellinger_deviation"": 0.19669461488894138, ""normalized_gradient_disagreement"": 0.6171716547614335, ""objective_deviation"": 0.00013541666666583296, ""reference_gradient_norm"": 1.871251157733154, ""stable_continuation"": true, ""stable_step_index"": 0}",True,existing_simulation_matrix,5q-ibm_fez-block-00,7.814992316213807,5q-ibm_fez-block-00,0.19669461488894138,0.6171716547614335,0.00013541666666583296,False,live_ibm,hardware_backend_window_scale_replication,resq_first_classical_second,heron-r2,ibm_fez,True,0,ibm_fez
migrate,ibm_fez->ibm_pittsburgh,"{""absolute_gradient_difference"": 4.264931131084823, ""comparisons"": [{""absolute_gradient_difference"": 1.9299533237046433, ""gradient_direction_disagreement"": null, ""gradient_noise_floor"": 9.156279421814402, ""hellinger_deviation"": 0.25285893014307864, ""normalized_gradient_disagreement"": 0.21077920788509588, ""objective_deviation"": 0.019739583333334032, ""reference_gradient_norm"": 1.403656734313344, ""step_index"": 0, ""within_envelope"": false}, {""absolute_gradient_difference"": 4.264931131084823, ""gradient_direction_disagreement"": null, ""gradient_noise_floor"": 9.156279421814402, ""hellinger_deviation"": 0.18442721882033444, ""normalized_gradient_disagreement"": 0.4657930295272364, ""objective_deviation"": 0.013864583333333513, ""reference_gradient_norm"": 1.871251157733154, ""step_index"": 1, ""within_envelope"": true}], ""continuation_success"": true, ""first_step_overshoot"": 0.019739583333334032, ""gradient_direction_disagreement"": null, ""gradient_noise_floor"": 9.156279421814402, ""hellinger_deviation"": 0.18442721882033444, ""normalized_gradient_disagreement"": 0.4657930295272364, ""objective_deviation"": 0.013864583333333513, ""reference_gradient_norm"": 1.871251157733154, ""stable_continuation"": false, ""stable_step_index"": null}",True,existing_simulation_matrix,5q-ibm_fez-block-00,9.156279421814402,5q-ibm_fez-block-00,0.18442721882033444,0.4657930295272364,0.013864583333333513,False,live_ibm,hardware_backend_window_scale_replication,resq_first_classical_second,heron-r2,ibm_fez,False,,ibm_pittsburgh
replay,ibm_fez->ibm_fez,"{""absolute_gradient_difference"": 3.957482015515736, ""comparisons"": [{""absolute_gradient_difference"": 4.318119225915872, ""gradient_direction_disagreement"": null, ""gradient_noise_floor"": 7.814992316213807, ""hellinger_deviation"": 0.20817134243326982, ""normalized_gradient_disagreement"": 0.5525429905998815, ""objective_deviation"": 0.034114583333331616, ""reference_gradient_norm"": 4.10295181496447, ""step_index"": 0, ""within_envelope"": true}, {""absolute_gradient_difference"": 3.957482015515736, ""gradient_direction_disagreement"": null, ""gradient_noise_floor"": 7.814992316213807, ""hellinger_deviation"": 0.17446016488779675, ""normalized_gradient_disagreement"": 0.506396149271334, ""objective_deviation"": 0.0827187500000024, ""reference_gradient_norm"": 3.924765148007449, ""step_index"": 1, ""within_envelope"": true}], ""continuation_success"": true, ""first_step_overshoot"": 0.034114583333331616, ""gradient_direction_disagreement"": null, ""gradient_noise_floor"": 7.814992316213807, ""hellinger_deviation"": 0.17446016488779675, ""normalized_gradient_disagreement"": 0.506396149271334, ""objective_deviation"": 0.0827187500000024, ""reference_gradient_norm"": 3.924765148007449, ""stable_continuation"": true, ""stable_step_index"": 0}",True,existing_simulation_matrix,5q-ibm_fez-block-01,7.814992316213807,5q-ibm_fez-block-01,0.17446016488779675,0.506396149271334,0.0827187500000024,False,live_ibm,hardware_backend_window_scale_replication,classical_first_resq_second,heron-r2,ibm_fez,True,0,ibm_fez
migrate,ibm_fez->ibm_pittsburgh,"{""absolute_gradient_difference"": 4.555660608419106, ""comparisons"": [{""absolute_gradient_difference"": 4.389514188579461, ""gradient_direction_disagreement"": null, ""gradient_noise_floor"": 9.156279421814402, ""hellinger_deviation"": 0.24084102329859106, ""normalized_gradient_disagreement"": 0.4793993265563359, ""objective_deviation"": 0.01777083333333085, ""reference_gradient_norm"": 4.10295181496447, ""step_index"": 0, ""within_envelope"": false}, {""absolute_gradient_difference"": 4.555660608419106, ""gradient_direction_disagreement"": null, ""gradient_noise_floor"": 9.156279421814402, ""hellinger_deviation"": 0.24920156828975512, ""normalized_gradient_disagreement"": 0.4975449523269747, ""objective_deviation"": 0.07458333333333567, ""reference_gradient_norm"": 3.924765148007449, ""step_index"": 1, ""within_envelope"": false}], ""continuation_success"": false, ""first_step_overshoot"": 0.0, ""gradient_direction_disagreement"": null, ""gradient_noise_floor"": 9.156279421814402, ""hellinger_deviation"": 0.24920156828975512, ""normalized_gradient_disagreement"": 0.4975449523269747, ""objective_deviation"": 0.07458333333333567, ""reference_gradient_norm"": 3.924765148007449, ""stable_continuation"": false, ""stable_step_index"": null}",False,existing_simulation_matrix,5q-ibm_fez-block-01,9.156279421814402,5q-ibm_fez-block-01,0.24920156828975512,0.4975449523269747,0.07458333333333567,False,live_ibm,hardware_backend_window_scale_replication,classical_first_resq_second,heron-r2,ibm_fez,False,,ibm_pittsburgh
replay,ibm_fez->ibm_fez,"{""absolute_gradient_difference"": 0.8341729169034054, ""comparisons"": [{""absolute_gradient_difference"": 1.1795340353293076, ""gradient_direction_disagreement"": null, ""gradient_noise_floor"": 7.814992316213807, ""hellinger_deviation"": 0.17507591304609726, ""normalized_gradient_disagreement"": 0.1509322066615628, ""objective_deviation"": 0.15520833333332984, ""reference_gradient_norm"": 0.17469281074216114, ""step_index"": 0, ""within_envelope"": false}, {""absolute_gradient_difference"": 0.8341729169034054, ""gradient_direction_disagreement"": null, ""gradient_noise_floor"": 7.814992316213807, ""hellinger_deviation"": 0.18284294270849075, ""normalized_gradient_disagreement"": 0.10674008151904926, ""objective_deviation"": 0.013343750000003318, ""reference_gradient_norm"": 0.0477493682694734, ""step_index"": 1, ""within_envelope"": true}], ""continuation_success"": true, ""first_step_overshoot"": 0.0, ""gradient_direction_disagreement"": null, ""gradient_noise_floor"": 7.814992316213807, ""hellinger_deviation"": 0.18284294270849075, ""normalized_gradient_disagreement"": 0.10674008151904926, ""objective_deviation"": 0.013343750000003318, ""reference_gradient_norm"": 0.0477493682694734, ""stable_continuation"": false, ""stable_step_index"": null}",True,existing_simulation_matrix,5q-ibm_fez-block-02,7.814992316213807,5q-ibm_fez-block-02,0.18284294270849075,0.10674008151904926,0.013343750000003318,False,live_ibm,hardware_backend_window_scale_replication,resq_first_classical_second,heron-r2,ibm_fez,False,,ibm_fez
migrate,ibm_fez->ibm_pittsburgh,"{""absolute_gradient_difference"": 8.291349446476314, ""comparisons"": [{""absolute_gradient_difference"": 4.382892225767706, ""gradient_direction_disagreement"": null, ""gradient_noise_floor"": 9.156279421814402, ""hellinger_deviation"": 0.1901383845727058, ""normalized_gradient_disagreement"": 0.4786761110987584, ""objective_deviation"": 0.009760416666666494, ""reference_gradient_norm"": 0.17469281074216114, ""step_index"": 0, ""within_envelope"": true}, {""absolute_gradient_difference"": 8.291349446476314, ""gradient_direction_disagreement"": null, ""gradient_noise_floor"": 9.156279421814402, ""hellinger_deviation"": 0.18441140925246122, ""normalized_gradient_disagreement"": 0.9055369615220094, ""objective_deviation"": 0.034874999999999545, ""reference_gradient_norm"": 0.0477493682694734, ""step_index"": 1, ""within_envelope"": true}], ""continuation_success"": true, ""first_step_overshoot"": 0.009760416666666494, ""gradient_direction_disagreement"": null, ""gradient_noise_floor"": 9.156279421814402, ""hellinger_deviation"": 0.18441140925246122, ""normalized_gradient_disagreement"": 0.9055369615220094, ""objective_deviation"": 0.034874999999999545, ""reference_gradient_norm"": 0.0477493682694734, ""stable_continuation"": true, ""stable_step_index"": 0}",True,existing_simulation_matrix,5q-ibm_fez-block-02,9.156279421814402,5q-ibm_fez-block-02,0.18441140925246122,0.9055369615220094,0.034874999999999545,False,live_ibm,hardware_backend_window_scale_replication,resq_first_classical_second,heron-r2,ibm_fez,True,0,ibm_pittsburgh
replay,ibm_pittsburgh->ibm_pittsburgh,"{""absolute_gradient_difference"": 3.8135412687684433, ""comparisons"": [{""absolute_gradient_difference"": 2.8211566238300807, ""gradient_direction_disagreement"": null, ""gradient_noise_floor"": 9.156279421814402, ""hellinger_deviation"": 0.16703045013285792, ""normalized_gradient_disagreement"": 0.3081116787577287, ""objective_deviation"": 0.01748958333333217, ""reference_gradient_norm"": 1.2997145119217524, ""step_index"": 0, ""within_envelope"": true}, {""absolute_gradient_difference"": 3.8135412687684433, ""gradient_direction_disagreement"": null, ""gradient_noise_floor"": 9.156279421814402, ""hellinger_deviation"": 0.13348888952725094, ""normalized_gradient_disagreement"": 0.41649463642217627, ""objective_deviation"": 0.065500000000001, ""reference_gradient_norm"": 0.9418854045848846, ""step_index"": 1, ""within_envelope"": true}], ""continuation_success"": true, ""first_step_overshoot"": 0.01748958333333217, ""gradient_direction_disagreement"": null, ""gradient_noise_floor"": 9.156279421814402, ""hellinger_deviation"": 0.13348888952725094, ""normalized_gradient_disagreement"": 0.41649463642217627, ""objective_deviation"": 0.065500000000001, ""reference_gradient_norm"": 0.9418854045848846, ""stable_continuation"": true, ""stable_step_index"": 0}",True,existing_simulation_matrix,5q-ibm_pittsburgh-block-00,9.156279421814402,5q-ibm_pittsburgh-block-00,0.13348888952725094,0.41649463642217627,0.065500000000001,False,live_ibm,hardware_backend_window_scale_replication,resq_first_classical_second,heron-r3,ibm_pittsburgh,True,0,ibm_pittsburgh
migrate,ibm_pittsburgh->ibm_fez,"{""absolute_gradient_difference"": 6.260523082909761, ""comparisons"": [{""absolute_gradient_difference"": 5.739389955340387, ""gradient_direction_disagreement"": null, ""gradient_noise_floor"": 7.814992316213807, ""hellinger_deviation"": 0.14865457039178165, ""normalized_gradient_disagreement"": 0.7344076261511919, ""objective_deviation"": 0.0033749999999974634, ""reference_gradient_norm"": 1.2997145119217524, ""step_index"": 0, ""within_envelope"": true}, {""absolute_gradient_difference"": 6.260523082909761, ""gradient_direction_disagreement"": null, ""gradient_noise_floor"": 7.814992316213807, ""hellinger_deviation"": 0.27148012930420884, ""normalized_gradient_disagreement"": 0.8010913932597246, ""objective_deviation"": 0.07141666666666957, ""reference_gradient_norm"": 0.9418854045848846, ""step_index"": 1, ""within_envelope"": false}], ""continuation_success"": false, ""first_step_overshoot"": 0.0033749999999974634, ""gradient_direction_disagreement"": null, ""gradient_noise_floor"": 7.814992316213807, ""hellinger_deviation"": 0.27148012930420884, ""normalized_gradient_disagreement"": 0.8010913932597246, ""objective_deviation"": 0.07141666666666957, ""reference_gradient_norm"": 0.9418854045848846, ""stable_continuation"": false, ""stable_step_index"": null}",False,existing_simulation_matrix,5q-ibm_pittsburgh-block-00,7.814992316213807,5q-ibm_pittsburgh-block-00,0.27148012930420884,0.8010913932597246,0.07141666666666957,False,live_ibm,hardware_backend_window_scale_replication,resq_first_classical_second,heron-r3,ibm_pittsburgh,False,,ibm_fez
replay,ibm_pittsburgh->ibm_pittsburgh,"{""absolute_gradient_difference"": 2.764224056537021, ""comparisons"": [{""absolute_gradient_difference"": 1.6064962802726528, ""gradient_direction_disagreement"": null, ""gradient_noise_floor"": 9.156279421814402, ""hellinger_deviation"": 0.1775941700319617, ""normalized_gradient_disagreement"": 0.175452954880915, ""objective_deviation"": 0.027510416666668647, ""reference_gradient_norm"": 1.3998717234139535, ""step_index"": 0, ""within_envelope"": true}, {""absolute_gradient_difference"": 2.764224056537021, ""gradient_direction_disagreement"": null, ""gradient_noise_floor"": 9.156279421814402, ""hellinger_deviation"": 0.17988236390211437, ""normalized_gradient_disagreement"": 0.3018938074291822, ""objective_deviation"": 0.007906249999996007, ""reference_gradient_norm"": 0.171490109211881, ""step_index"": 1, ""within_envelope"": true}], ""continuation_success"": true, ""first_step_overshoot"": 0.0, ""gradient_direction_disagreement"": null, ""gradient_noise_floor"": 9.156279421814402, ""hellinger_deviation"": 0.17988236390211437, ""normalized_gradient_disagreement"": 0.3018938074291822, ""objective_deviation"": 0.007906249999996007, ""reference_gradient_norm"": 0.171490109211881, ""stable_continuation"": true, ""stable_step_index"": 0}",True,existing_simulation_matrix,5q-ibm_pittsburgh-block-01,9.156279421814402,5q-ibm_pittsburgh-block-01,0.17988236390211437,0.3018938074291822,0.007906249999996007,False,live_ibm,hardware_backend_window_scale_replication,classical_first_resq_second,heron-r3,ibm_pittsburgh,True,0,ibm_pittsburgh
migrate,ibm_pittsburgh->ibm_fez,"{""absolute_gradient_difference"": 4.005004395053803, ""comparisons"": [{""absolute_gradient_difference"": 3.3156011432153023, ""gradient_direction_disagreement"": null, ""gradient_noise_floor"": 7.814992316213807, ""hellinger_deviation"": 0.1980234419933014, ""normalized_gradient_disagreement"": 0.42426159989132767, ""objective_deviation"": 0.011947916666664504, ""reference_gradient_norm"": 1.3998717234139535, ""step_index"": 0, ""within_envelope"": true}, {""absolute_gradient_difference"": 4.005004395053803, ""gradient_direction_disagreement"": null, ""gradient_noise_floor"": 7.814992316213807, ""hellinger_deviation"": 0.15153507634178182, ""normalized_gradient_disagreement"": 0.5124770739370528, ""objective_deviation"": 0.10496875000000117, ""reference_gradient_norm"": 0.171490109211881, ""step_index"": 1, ""within_envelope"": false}], ""continuation_success"": false, ""first_step_overshoot"": 0.0, ""gradient_direction_disagreement"": null, ""gradient_noise_floor"": 7.814992316213807, ""hellinger_deviation"": 0.15153507634178182, ""normalized_gradient_disagreement"": 0.5124770739370528, ""objective_deviation"": 0.10496875000000117, ""reference_gradient_norm"": 0.171490109211881, ""stable_continuation"": false, ""stable_step_index"": null}",False,existing_simulation_matrix,5q-ibm_pittsburgh-block-01,7.814992316213807,5q-ibm_pittsburgh-block-01,0.15153507634178182,0.5124770739370528,0.10496875000000117,False,live_ibm,hardware_backend_window_scale_replication,classical_first_resq_second,heron-r3,ibm_pittsburgh,False,,ibm_fez
replay,ibm_pittsburgh->ibm_pittsburgh,"{""absolute_gradient_difference"": 0.6675961817336439, ""comparisons"": [{""absolute_gradient_difference"": 1.8067535859955393, ""gradient_direction_disagreement"": null, ""gradient_noise_floor"": 9.156279421814402, ""hellinger_deviation"": 0.15774021276738281, ""normalized_gradient_disagreement"": 0.1973239896645175, ""objective_deviation"": 0.08937499999999954, ""reference_gradient_norm"": 0.05415477133010819, ""step_index"": 0, ""within_envelope"": true}, {""absolute_gradient_difference"": 0.6675961817336439, ""gradient_direction_disagreement"": null, ""gradient_noise_floor"": 9.156279421814402, ""hellinger_deviation"": 0.15922563224512606, ""normalized_gradient_disagreement"": 0.07291129409431604, ""objective_deviation"": 0.059427083333333464, ""reference_gradient_norm"": 0.0032027015302553284, ""step_index"": 1, ""within_envelope"": true}], ""continuation_success"": true, ""first_step_overshoot"": 0.08937499999999954, ""gradient_direction_disagreement"": null, ""gradient_noise_floor"": 9.156279421814402, ""hellinger_deviation"": 0.15922563224512606, ""normalized_gradient_disagreement"": 0.07291129409431604, ""objective_deviation"": 0.059427083333333464, ""reference_gradient_norm"": 0.0032027015302553284, ""stable_continuation"": true, ""stable_step_index"": 0}",True,existing_simulation_matrix,5q-ibm_pittsburgh-block-02,9.156279421814402,5q-ibm_pittsburgh-block-02,0.15922563224512606,0.07291129409431604,0.059427083333333464,False,live_ibm,hardware_backend_window_scale_replication,resq_first_classical_second,heron-r3,ibm_pittsburgh,True,0,ibm_pittsburgh
migrate,ibm_pittsburgh->ibm_fez,"{""absolute_gradient_difference"": 1.6432510140765406, ""comparisons"": [{""absolute_gradient_difference"": 1.3279106495735609, ""gradient_direction_disagreement"": null, ""gradient_noise_floor"": 7.814992316213807, ""hellinger_deviation"": 0.20083646135072775, ""normalized_gradient_disagreement"": 0.16991835639025996, ""objective_deviation"": 0.06902083333333398, ""reference_gradient_norm"": 0.05415477133010819, ""step_index"": 0, ""within_envelope"": true}, {""absolute_gradient_difference"": 1.6432510140765406, ""gradient_direction_disagreement"": null, ""gradient_noise_floor"": 7.814992316213807, ""hellinger_deviation"": 0.203831280215342, ""normalized_gradient_disagreement"": 0.21026905051042452, ""objective_deviation"": 0.0870416666666669, ""reference_gradient_norm"": 0.0032027015302553284, ""step_index"": 1, ""within_envelope"": true}], ""continuation_success"": true, ""first_step_overshoot"": 0.06902083333333398, ""gradient_direction_disagreement"": null, ""gradient_noise_floor"": 7.814992316213807, ""hellinger_deviation"": 0.203831280215342, ""normalized_gradient_disagreement"": 0.21026905051042452, ""objective_deviation"": 0.0870416666666669, ""reference_gradient_norm"": 0.0032027015302553284, ""stable_continuation"": true, ""stable_step_index"": 0}",True,existing_simulation_matrix,5q-ibm_pittsburgh-block-02,7.814992316213807,5q-ibm_pittsburgh-block-02,0.203831280215342,0.21026905051042452,0.0870416666666669,False,live_ibm,hardware_backend_window_scale_replication,resq_first_classical_second,heron-r3,ibm_pittsburgh,True,0,ibm_fez
