model,error_type,scenario_id,seed,workload,changed_context_class,action,target_backend,current_risk_score,diagnostic_safe_score,operating_threshold,confidence_past_threshold,delay,portability_shock,total_error_delta,optimizer_gradient_norm,partial_progress_fraction,actual_safe_continuation,objective_deviation,distribution_deviation,gradient_disagreement
current_risk,false_safe,sha256:1116f1b82d10f86b5f5f9ee39a1736586bec4ce3eff558a45aea55fbac86b6f6,1305,lih_vqe,cross_backend,migrate,ibm_sherbrooke,0.12216666666666667,0.8778333333333334,0.85,0.027833333333333377,0.0,0.0018999999999999998,0.0023999999999999985,0.5740134756452974,0.5,0,0.0007638069126816305,0.01401202807402021,0.01032219037544091
current_risk,false_safe,sha256:114319ecf4f2e197034fe2fd6ae16d49ef92bcf55c699eac6f5654b1d1e1e0b8,1307,lih_vqe,cross_backend,migrate,ibm_sherbrooke,0.12216666666666667,0.8778333333333334,0.85,0.027833333333333377,0.0,0.0018999999999999998,0.0023999999999999985,0.5483237819142738,0.5,0,0.0003383311830544855,0.05394107046325678,0.011003549829698893
current_risk,false_safe,sha256:165293c4962cb2bf7b2130196de73f23725a1ea89d4fffacdca8aa3b7504df05,1302,adapt_vqe,cross_backend,migrate,ibm_sherbrooke,0.12216666666666667,0.8778333333333334,0.85,0.027833333333333377,0.0,0.0018999999999999998,0.0023999999999999985,0.23492493094688183,0.5,0,0.000597617519396465,0.02204982342195971,0.0013094582474260646
current_risk,false_safe,sha256:216228d39c8fb9c0fb6f1d20c6cc5cc1419b0c4313a2ec4ba10ed9f26db433a7,1306,h2_vqe,same_backend_delay,migrate,ibm_sherbrooke,0.12216666666666667,0.8778333333333334,0.85,0.027833333333333377,0.0,0.0018999999999999998,0.0023999999999999985,0.3212557229081393,0.42857142857142855,0,0.005160537194692338,0.011171727166196601,0.005109836522713957
current_risk,false_safe,sha256:256b30491e287778ccbe3680230e6ba271ee668b1441db642afa4fb8afe7c9d2,1303,h2_vqe,same_backend_delay,migrate,ibm_sherbrooke,0.12216666666666667,0.8778333333333334,0.85,0.027833333333333377,0.0,0.0018999999999999998,0.0023999999999999985,0.20124753879675802,0.42857142857142855,0,0.005154995753579694,0.04301405087541627,0.004861922055345792
current_risk,false_safe,sha256:3c18fa3b7ecf2be5f3af4d228d1eff4ffb0676ba3c4e9f034db0bec60d9aa3b9,1305,adapt_vqe,same_backend_delay,migrate,ibm_sherbrooke,0.12216666666666667,0.8778333333333334,0.85,0.027833333333333377,0.0,0.0018999999999999998,0.0023999999999999985,0.2807873134790643,0.5,0,0.000579750492147646,0.022485498640426108,0.0012462621412609885
current_risk,false_safe,sha256:420803d1c95b076c2b5768241682a4e5a061db08f67ede5c86b222b2a9c4a213,1303,adapt_vqe,cross_backend,migrate,ibm_sherbrooke,0.12216666666666667,0.8778333333333334,0.85,0.027833333333333377,0.0,0.0018999999999999998,0.0023999999999999985,0.17595056250831412,0.5,0,0.0006258335737907572,0.05715731003782427,0.0013838544267762124
current_risk,false_safe,sha256:43c863e01ca7b7e0809128fa584e5c00824ba7e72bbc476f80b231884245c2af,1303,h2_vqe,cross_backend,migrate,ibm_sherbrooke,0.12216666666666667,0.8778333333333334,0.85,0.027833333333333377,0.0,0.0018999999999999998,0.0023999999999999985,0.20124753879675802,0.42857142857142855,0,0.005154995753579694,0.04301405087541627,0.004861922055345792
current_risk,false_safe,sha256:463362497d22bff65bfd1a61e53a0679a8012450d742089ce3a7563c2be80aaa,1304,qaoa_maxcut,cross_backend,migrate,ibm_sherbrooke,0.12216666666666667,0.8778333333333334,0.85,0.027833333333333377,0.0,0.0018999999999999998,0.0023999999999999985,2.9007832718447655,1.0,0,0.2560147810832696,0.07674605203260326,0.2719131058387712
current_risk,false_safe,sha256:489ef99c532bb2a3d14453fed919d0594466f778e8852ecf72589a10815dfe76,1306,adapt_vqe,same_backend_delay,migrate,ibm_sherbrooke,0.12216666666666667,0.8778333333333334,0.85,0.027833333333333377,0.0,0.0018999999999999998,0.0023999999999999985,0.11576600519947387,0.5,0,0.0006643338654388486,0.0671887119193382,0.001175059538657479
current_risk,false_safe,sha256:4b9d895d8e18353a1754926c348ead04674681973a288954427a970c77f5ffe1,1302,qaoa_maxcut,same_backend_delay,migrate,ibm_sherbrooke,0.12216666666666667,0.8778333333333334,0.85,0.027833333333333377,0.0,0.0018999999999999998,0.0023999999999999985,2.280462151186871,1.0,0,0.1603654186637602,0.08050859648944303,0.1301250719667548
current_risk,false_safe,sha256:51c730b335b86c7d34c118ec5899dcc161584720c551f9e3eff319cbba9c7454,1301,adapt_vqe,cross_backend,migrate,ibm_sherbrooke,0.12216666666666667,0.8778333333333334,0.85,0.027833333333333377,0.0,0.0018999999999999998,0.0023999999999999985,0.0803899033653419,0.5,0,0.0006633053703914982,0.007467723452055282,0.0011636963789817831
current_risk,false_safe,sha256:54ee8c1cab33a288a614e975ff2a690e79024b557b964cffee5634887a41e30a,1303,qaoa_maxcut,cross_backend,migrate,ibm_sherbrooke,0.12216666666666667,0.8778333333333334,0.85,0.027833333333333377,0.0,0.0018999999999999998,0.0023999999999999985,2.4839272058188193,1.0,0,0.07330339975058386,0.051474234988423746,0.16034795456544618
current_risk,false_safe,sha256:58afa55da0f203ee2fa76d7cbfb3943fef93e05fe2e64335e4642147bba64d6a,1305,lih_vqe,same_backend_delay,migrate,ibm_sherbrooke,0.12216666666666667,0.8778333333333334,0.85,0.027833333333333377,0.0,0.0018999999999999998,0.0023999999999999985,0.5740134756452974,0.5,0,0.0007638069126816305,0.01401202807402021,0.01032219037544091
current_risk,false_safe,sha256:5e3ede44800e6081b4e6c4f1e27781817c68a194dd252d454d807c157b2b0a11,1307,adapt_vqe,cross_backend,migrate,ibm_sherbrooke,0.12216666666666667,0.8778333333333334,0.85,0.027833333333333377,0.0,0.0018999999999999998,0.0023999999999999985,0.11559787129798031,0.5,0,0.0006703963272487456,0.031197433066527256,0.0011499453124007883
current_risk,false_safe,sha256:60cbacb358f106c8309949b632d69a5d599a142effe41c98283f37b92227dcae,1306,adapt_vqe,cross_backend,migrate,ibm_sherbrooke,0.12216666666666667,0.8778333333333334,0.85,0.027833333333333377,0.0,0.0018999999999999998,0.0023999999999999985,0.11576600519947387,0.5,0,0.0006643338654388486,0.0671887119193382,0.001175059538657479
current_risk,false_safe,sha256:634c2e58f8bf2696ca6ba0e8475b0be5d79f8016ddc4549a2fc35c7fb81bfdb4,1308,lih_vqe,cross_backend,migrate,ibm_sherbrooke,0.12216666666666667,0.8778333333333334,0.85,0.027833333333333377,0.0,0.0018999999999999998,0.0023999999999999985,0.5356149820937302,0.5,0,0.0006301303176474704,0.07429135583010375,0.010667978991603566
current_risk,false_safe,sha256:66af58fa7eb75701a7a7f0a2b2945d9961850b493f47c52e9766039ec54b7612,1305,h2_vqe,same_backend_delay,migrate,ibm_sherbrooke,0.12216666666666667,0.8778333333333334,0.85,0.027833333333333377,0.0,0.0018999999999999998,0.0023999999999999985,0.3535458581319045,0.42857142857142855,0,0.004955456879750297,0.012548812783241192,0.005368500877880027
current_risk,false_safe,sha256:6b19cf697b46df40293dbe1e8a130be1a41e4bbbd7e3e825de7abb1fc481bdb3,1307,lih_vqe,same_backend_delay,migrate,ibm_sherbrooke,0.12216666666666667,0.8778333333333334,0.85,0.027833333333333377,0.0,0.0018999999999999998,0.0023999999999999985,0.5483237819142738,0.5,0,0.0003383311830544855,0.05394107046325678,0.011003549829698893
current_risk,false_safe,sha256:6e021c00900353f8e896b2118810678294b60017dad9b1eb86eda42c93e0ed91,1301,qaoa_maxcut,cross_backend,migrate,ibm_sherbrooke,0.12216666666666667,0.8778333333333334,0.85,0.027833333333333377,0.0,0.0018999999999999998,0.0023999999999999985,5.689848155953331,1.0,0,0.4135694242672665,0.15743255218650923,1.1331332453194507
logistic,false_unsafe,sha256:b18edd573209c7da00113db270df0b9ce97fe5171bc72ca204416222bffcf2ff,1308,qaoa_maxcut,same_backend_delay,migrate,ibm_sherbrooke,0.12216666666666667,0.24631340980691996,0.40000000000000013,0.15368659019308017,0.0,0.0018999999999999998,0.0023999999999999985,3.9121446714525323,1.0,1,0.01972293918323409,0.05516550854104322,0.037411184994095716
logistic,false_unsafe,sha256:d99728122b42d12aca1873729ffc77b8a79d0ec42b7c739895087b4b7de52a78,1308,qaoa_maxcut,cross_backend,migrate,ibm_sherbrooke,0.12216666666666667,0.24631340980691996,0.40000000000000013,0.15368659019308017,0.0,0.0018999999999999998,0.0023999999999999985,3.9121446714525323,1.0,1,0.01972293918323409,0.05516550854104322,0.037411184994095716
shallow_tree,false_unsafe,sha256:b18edd573209c7da00113db270df0b9ce97fe5171bc72ca204416222bffcf2ff,1308,qaoa_maxcut,same_backend_delay,migrate,ibm_sherbrooke,0.12216666666666667,0.005154639175257732,0.9000000000000002,0.8948453608247425,0.0,0.0018999999999999998,0.0023999999999999985,3.9121446714525323,1.0,1,0.01972293918323409,0.05516550854104322,0.037411184994095716
shallow_tree,false_unsafe,sha256:d99728122b42d12aca1873729ffc77b8a79d0ec42b7c739895087b4b7de52a78,1308,qaoa_maxcut,cross_backend,migrate,ibm_sherbrooke,0.12216666666666667,0.005154639175257732,0.9000000000000002,0.8948453608247425,0.0,0.0018999999999999998,0.0023999999999999985,3.9121446714525323,1.0,1,0.01972293918323409,0.05516550854104322,0.037411184994095716
