design_feature,standardized_coefficient,fold_mean,fold_std,same_sign_fraction,fold_count
intercept,-1.3413078596402597,-1.341437165840436,0.011110205195106105,1.0,4
backend_change,-0.18128610505600354,-0.18129235629112384,0.001443369107193657,1.0,4
one_qubit_error_delta,-0.1445539561705781,-0.14455823480114338,0.0010098886233835629,1.0,4
two_qubit_error_delta,-0.10959705758405,-0.10960097068383201,0.0007156365817527217,1.0,4
portability_shock,-0.10702993885825207,-0.10703510630849884,0.0006940366921873311,1.0,4
total_error_delta,-0.10631790898743557,-0.10632171910203722,0.0006884724562134134,1.0,4
readout_error_delta,-0.10115500882647926,-0.10115871500779235,0.000645686668416832,1.0,4
action=migrate,-0.09064466792382454,-0.09064736176301556,0.0007209835890677994,1.0,4
action=replay,0.09064143713217894,0.09064499452810826,0.0007223855377814358,1.0,4
target_backend=ibm_kyiv,0.09064143713217894,0.09064499452810826,0.0007223855377814358,1.0,4
delay,-0.08573798222339704,-0.08573247027221675,0.0005571061880967432,1.0,4
target_readout_error,-0.07846474425943854,-0.0784678849851659,0.0004591377067693373,1.0,4
target_two_qubit_error,-0.07078850822324585,-0.07079145480294052,0.00039647426113234823,1.0,4
target_backend=ibm_sherbrooke,-0.06382778326880965,-0.06382891237620772,0.000562939139139749,1.0,4
target_one_qubit_error,-0.04279540703382765,-0.042797269349606835,0.00017051134366595638,1.0,4
target_backend=ibm_brisbane,-0.026816884655014844,-0.02681844938680787,0.0001580447924255377,1.0,4
optimizer_gradient_max_abs,-0.010029966637523058,-0.00904321276581846,0.005241590912374576,1.0,4
optimizer_gradient_norm,-0.007616429316295209,-0.007057898333753588,0.004096206849089875,1.0,4
optimizer_objective_improvement,-0.006139239615049344,-0.005596391533524654,0.0032578246061395325,1.0,4
optimizer_gradient_mean_abs,-0.005040215853236687,-0.004830354411491491,0.0028503400946780486,1.0,4
distribution_entropy,-0.0015049303469842977,-0.0016142055054522567,0.0009427899134545434,0.75,4
distribution_max_probability,0.0013689178649660778,0.0014856761264151648,0.0008620882591475702,0.75,4
shot_plan_mean,-0.0010168040258877644,-0.00113116342295312,0.0006542691499468406,1.0,4
distribution_shots,-0.0010168040258877644,-0.00113116342295312,0.0006542691499468406,1.0,4
shot_plan_group_count,0.0009234178729597861,0.0010373303566591611,0.0005999543911108581,1.0,4
num_qubits,-0.0008672951497695745,-0.0009765586907398264,0.0005649527535538424,1.0,4
shot_plan_total,0.0008239722359544156,0.0009210596512191868,0.0005321587362175867,1.0,4
hamiltonian_term_count,0.0007343575305359777,0.0008236309835931957,0.0004763384285421148,0.75,4
partial_progress_fraction,-0.000701209860144916,-0.0008014888419335677,0.00046453899111137766,0.75,4
optimizer_gradient_dimension,0.0006790209138514227,0.0007404024241138794,0.0004268014960643791,1.0,4
parameter_count,0.0006790209138514227,0.0007404024241138794,0.0004268014960643791,1.0,4
optimizer_step_size,-0.0006708913008574151,-0.0007552627128590327,0.00043700786496373676,0.75,4
pending_measurement_groups,0.0006634644359158711,0.00075885548578431,0.0004398739302134654,0.75,4
completed_measurement_groups,0.000515857162993138,0.0005552607069738503,0.0003196042933986193,1.0,4
workload=qaoa_maxcut,-0.00041399180787722746,-0.00046494718082932255,0.00026892356204448654,1.0,4
ansatz_family=qaoa_maxcut,-0.00041399180787722746,-0.00046494718082932255,0.00026892356204448654,1.0,4
ansatz_family=entangling_ry_rz_brickwork,0.0003556126223966499,0.00039093526681262513,0.00022546808136825346,1.0,4
completed_shots_or_samples,-0.00021963489736979497,-0.00026550176629359213,0.0001558238236556264,0.75,4
workload=h2_vqe,0.00019927847381504107,0.00022558409161946595,0.0001306214205618376,1.0,4
workload=lih_vqe,0.0001563341485816159,0.00016535117519315975,9.51023064302093e-05,1.0,4
completed_classical_stages,0.0001292250585303056,0.00016682302279018814,9.841420330026089e-05,0.75,4
selected_ops_count,0.0001292250585303056,0.00016682302279018814,9.841420330026089e-05,0.75,4
workload=adapt_vqe,5.514839383499494e-05,7.164467910937582e-05,4.227290354615462e-05,0.75,4
ansatz_family=adapt_pauli_pool,5.514839383499494e-05,7.164467910937582e-05,4.227290354615462e-05,0.75,4
