score,ordering,bin,calibration_lower,calibration_upper,n,safe,unsafe,safe_rate,unsafe_rate,safe_rate_wilson_low,safe_rate_wilson_high
current_risk,ascending_risk,1,0.0,0.09495833333333334,64,64,0,1.0,0.0,0.9433759402071946,1.0
current_risk,ascending_risk,2,0.09495833333333334,0.15191666666666667,64,2,62,0.03125,0.96875,0.008612138346171874,0.10697291770958313
current_risk,ascending_risk,3,0.15191666666666667,0.5841666666666667,64,0,64,0.0,1.0,0.0,0.05662405979280534
current_risk,ascending_risk,4,0.5841666666666667,0.9283666666666667,64,0,64,0.0,1.0,0.0,0.05662405979280534
logistic,ascending_predicted_safety,1,0.033589813054630185,0.15204622330894016,64,0,64,0.0,1.0,0.0,0.05662405979280534
logistic,ascending_predicted_safety,2,0.15204622330894016,0.2501041297176313,78,2,76,0.02564102564102564,0.9743589743589743,0.007060093472759203,0.08875270035675845
logistic,ascending_predicted_safety,3,0.2501041297176313,0.29706135870223266,50,0,50,0.0,1.0,6.938893903907228e-18,0.07134759913335872
logistic,ascending_predicted_safety,4,0.29706135870223266,0.4502339989096595,64,64,0,1.0,0.0,0.9433759402071946,1.0
shallow_tree,ascending_predicted_safety,1,0.00684931506849315,0.24513698630136985,192,2,190,0.010416666666666666,0.9895833333333334,0.0028612893782969766,0.03717854114539976
shallow_tree,ascending_predicted_safety,2,0.24513698630136985,0.98,64,64,0,1.0,0.0,0.9433759402071946,1.0
