feature,feature_type,calibration_n,evaluation_n,calibration_missing_rate,evaluation_missing_rate,calibration_unique,evaluation_unique,calibration_min,calibration_max,evaluation_min,evaluation_max,calibration_safe_median,calibration_unsafe_median,evaluation_safe_median,evaluation_unsafe_median,direction_from_calibration,calibration_auc,calibration_auc_ci_low,calibration_auc_ci_high,evaluation_auc_frozen_direction,evaluation_auc_ci_low,evaluation_auc_ci_high,direction_replicated,calibration_safe_distribution,calibration_unsafe_distribution,evaluation_safe_distribution,evaluation_unsafe_distribution
current_risk_score,numeric,256,256,0.0,0.0,7,7,0.0,0.9283666666666667,0.0,0.9283666666666667,0.0,0.18166666666666667,0.013333333333333336,0.5333333333333333,lower_predicts_safe,0.9987252241138251,0.9954590823630306,1.0,0.9950558213716109,0.9877705505279035,1.0,True,,,,
delay_risk_component,numeric,256,256,0.0,0.0,4,4,0.0,0.55,0.0,0.55,0.0,0.011000000000000001,0.0,0.44000000000000006,lower_predicts_safe,0.6276420758286043,0.5552840911960858,0.6924794023659274,0.632695374800638,0.5653269664024664,0.6963805980683611,True,,,,
portability_risk_component,numeric,256,256,0.0,0.0,7,7,0.0,0.2783666666666667,0.0,0.2783666666666667,0.0,0.08166666666666667,0.0023333333333333353,0.09333333333333331,lower_predicts_safe,0.9987252241138251,0.9955578091007977,1.0,0.9950558213716109,0.9869591153555063,1.0,True,,,,
backend_change_risk_component,numeric,256,256,0.0,0.0,2,2,0.0,0.1,0.0,0.1,0.0,0.1,0.0,0.1,lower_predicts_safe,0.8316062176165804,0.8072564441830834,0.8558219065379552,0.816427432216906,0.7828431581962929,0.8464722360946281,True,,,,
availability_risk_component,numeric,256,256,0.0,0.0,1,1,0.0,0.0,0.0,0.0,0.0,0.0,0.0,0.0,constant_or_unscorable,,,,,,,,,,,
delay,numeric,256,256,0.0,0.0,5,5,0.0,8.0,0.0,8.0,0.0,0.1,0.0,4.0,lower_predicts_safe,0.6276420758286043,0.5647649481756508,0.6939702401823282,0.632695374800638,0.5629857877399012,0.6989129214361358,True,,,,
backend_change,numeric,256,256,0.0,0.0,2,2,0.0,1.0,0.0,1.0,0.0,1.0,0.0,1.0,lower_predicts_safe,0.8316062176165804,0.8078896761133603,0.855426518909864,0.816427432216906,0.7828146022035065,0.8490195932243827,True,,,,
queue_or_session_available,numeric,256,256,0.0,0.0,1,1,1.0,1.0,1.0,1.0,1.0,1.0,1.0,1.0,constant_or_unscorable,,,,,,,,,,,
portability_shock,numeric,256,256,0.0,0.0,7,7,0.0,0.023860000000000006,0.0,0.023860000000000006,0.0,0.007,0.00020000000000000017,0.007999999999999998,lower_predicts_safe,0.9987252241138251,0.9957002126760192,1.0,0.9950558213716109,0.9876883845568999,1.0,True,,,,
target_one_qubit_error,numeric,256,256,0.0,0.0,7,7,0.0012,0.00336,0.0012,0.00336,0.0016,0.0021,0.0016,0.00224,lower_predicts_safe,0.6671190064972448,0.6212505752111116,0.7169057413435928,0.6786283891547049,0.6301995628238343,0.7246632817444335,True,,,,
target_two_qubit_error,numeric,256,256,0.0,0.0,7,7,0.0095,0.022400000000000003,0.0095,0.022400000000000003,0.0105,0.014,0.0105,0.0147,lower_predicts_safe,0.6671190064972448,0.617639555822329,0.7135913301645755,0.6786283891547049,0.632810500950228,0.7266904786333556,True,,,,
target_readout_error,numeric,256,256,0.0,0.0,7,7,0.017,0.038400000000000004,0.017,0.038400000000000004,0.018,0.024,0.018,0.025199999999999997,lower_predicts_safe,0.6671190064972448,0.6193243517596083,0.7164991408934708,0.6786283891547049,0.6325554349612649,0.7260225450638359,True,,,,
one_qubit_error_delta,numeric,256,256,0.0,0.0,7,7,0.0,0.00176,0.0,0.00176,0.0,0.0004999999999999998,1.5999999999999955e-05,0.0006399999999999997,lower_predicts_safe,0.9987252241138251,0.9955540409703976,1.0,0.9950558213716109,0.9871827480219179,1.0,True,,,,
two_qubit_error_delta,numeric,256,256,0.0,0.0,7,7,0.0,0.011900000000000003,0.0,0.011900000000000003,0.0,0.0034999999999999996,0.00010500000000000093,0.004199999999999999,lower_predicts_safe,0.9987252241138251,0.9955181638884613,1.0,0.9950558213716109,0.9874038837710091,1.0,True,,,,
readout_error_delta,numeric,256,256,0.0,0.0,7,7,0.0,0.020400000000000005,0.0,0.020400000000000005,0.0,0.006000000000000002,0.0001799999999999996,0.007199999999999998,lower_predicts_safe,0.9987252241138251,0.9954831718653381,1.0,0.9950558213716109,0.9878231271522442,1.0,True,,,,
total_error_delta,numeric,256,256,0.0,0.0,7,7,0.0,0.03406000000000001,0.0,0.03406000000000001,0.0,0.010000000000000002,0.0003010000000000005,0.012039999999999997,lower_predicts_safe,0.9987252241138251,0.9956589262762124,1.0,0.9950558213716109,0.9876574006597868,1.0,True,,,,
basis_gate_jaccard,numeric,256,256,0.0,0.0,1,1,1.0,1.0,1.0,1.0,1.0,1.0,1.0,1.0,constant_or_unscorable,,,,,,,,,,,
coupling_map_jaccard,numeric,256,256,0.0,0.0,1,1,1.0,1.0,1.0,1.0,1.0,1.0,1.0,1.0,constant_or_unscorable,,,,,,,,,,,
completed_classical_stages,numeric,256,256,0.0,0.0,2,1,9.0,15.0,9.0,9.0,9.0,9.0,9.0,9.0,higher_predicts_safe,0.5026317953779094,0.4373870766629885,0.5701057603781463,0.5,0.5,0.5,True,,,,
completed_measurement_groups,numeric,256,256,0.0,0.0,4,3,0.0,4.0,1.0,4.0,3.0,1.0,3.0,4.0,higher_predicts_safe,0.5026317953779094,0.4100869222502712,0.5883928782431086,0.484688995215311,0.4039997943948144,0.5665580337496864,False,,,,
completed_shots_or_samples,numeric,256,256,0.0,0.0,8,9,0.0,5120.0,2976.0,5120.0,2976.0,4032.0,4064.0,3328.0,lower_predicts_safe,0.503947693066864,0.4131065778489647,0.5932902208265144,0.49617224880382776,0.41092637607394783,0.5838529571124372,False,,,,
pending_measurement_groups,numeric,256,256,0.0,0.0,3,2,0.0,8.0,0.0,4.0,4.0,4.0,4.0,4.0,higher_predicts_safe,0.5078953861337281,0.43197611359496607,0.5901021706029239,0.484688995215311,0.41476597518852504,0.5419330266140183,False,,,,
retry_count,numeric,256,256,0.0,0.0,1,1,0.0,0.0,0.0,0.0,0.0,0.0,0.0,0.0,constant_or_unscorable,,,,,,,,,,,
partial_progress_fraction,numeric,256,256,0.0,0.0,4,3,0.0,1.0,0.42857142857142855,1.0,0.42857142857142855,0.5,0.5,0.5,lower_predicts_safe,0.5078953861337281,0.41492949803723156,0.5986085384919015,0.484688995215311,0.3953693786168013,0.5668497390300836,False,,,,
optimizer_iteration,numeric,256,256,0.0,0.0,1,1,4.0,4.0,4.0,4.0,4.0,4.0,4.0,4.0,constant_or_unscorable,,,,,,,,,,,
optimizer_history_length,numeric,256,256,0.0,0.0,1,1,4.0,4.0,4.0,4.0,4.0,4.0,4.0,4.0,constant_or_unscorable,,,,,,,,,,,
optimizer_objective_improvement,numeric,256,256,0.0,0.0,32,32,0.0008856774614631746,3.493113654880361,0.0012306003919544395,3.3265847376036497,0.06911634802839095,0.07853312078771069,0.057675003767389654,0.05326419659542614,lower_predicts_safe,0.5101982070893988,0.4244328930202218,0.6000548399156161,0.48277511961722486,0.3932190745990382,0.5732615951359239,False,,,,
optimizer_gradient_norm,numeric,256,256,0.0,0.0,32,32,0.06242299281220056,13.408464414219573,0.07173272585443916,8.033356459551316,0.45584298395901934,0.49532302444160364,0.5122793641359737,0.3535458581319045,lower_predicts_safe,0.5101982070893988,0.4185816341107115,0.5930718738905072,0.4853269537480064,0.39725253222836093,0.5738926002765093,False,,,,
optimizer_gradient_mean_abs,numeric,256,256,0.0,0.0,32,32,0.018733516966511158,4.5106097785406245,0.02518051845571042,3.051364340927222,0.0692858631715381,0.06949420903304539,0.06686400041367137,0.06654797910696589,lower_predicts_safe,0.5101982070893988,0.4227639454342241,0.6069328571204542,0.4853269537480064,0.39760220291769965,0.5759756310074107,False,,,,
optimizer_gradient_max_abs,numeric,256,256,0.0,0.0,32,32,0.04750439008695848,12.985167602880354,0.04972070893694496,6.627292141289567,0.33313320795337453,0.37981874393460374,0.3158419978161353,0.3122317036720427,lower_predicts_safe,0.5101982070893988,0.42196977010125564,0.595065487132353,0.4853269537480064,0.3931782621920234,0.5749083212880607,False,,,,
optimizer_gradient_dimension,numeric,256,256,0.0,0.0,4,3,4.0,20.0,4.0,20.0,12.0,6.0,4.0,12.0,higher_predicts_safe,0.5078953861337281,0.41920303603676395,0.5979698494518082,0.489792663476874,0.4044364499792193,0.5721181070521605,False,,,,
optimizer_step_size,numeric,256,256,0.0,0.0,4,4,0.08,0.12,0.08,0.12,0.085,0.105,0.105,0.085,lower_predicts_safe,0.5078953861337281,0.42693751630516164,0.5970303994926058,0.484688995215311,0.3987374587531697,0.576647398869125,False,,,,
mitigation_enabled,numeric,256,256,0.0,0.0,1,1,1.0,1.0,1.0,1.0,1.0,1.0,1.0,1.0,constant_or_unscorable,,,,,,,,,,,
shot_plan_group_count,numeric,256,256,0.0,0.0,3,3,1.0,8.0,1.0,8.0,8.0,7.0,7.0,8.0,higher_predicts_safe,0.5078953861337281,0.4257363064333949,0.5821686690124314,0.484688995215311,0.4057371122899014,0.5631322865122963,False,,,,
shot_plan_total,numeric,256,256,0.0,0.0,8,9,4032.0,12288.0,4064.0,12288.0,8736.0,8704.0,8704.0,8736.0,higher_predicts_safe,0.5065794884447734,0.4193697050062106,0.598232381439324,0.48341307814992024,0.38915910534575526,0.572375729920881,False,,,,
shot_plan_mean,numeric,256,256,0.0,0.0,8,9,1088.0,4128.0,1088.0,4160.0,1248.0,1408.0,1376.0,1248.0,lower_predicts_safe,0.5092112838226828,0.4169633983015841,0.600611863231645,0.48596491228070177,0.40616966683154326,0.5784046558600129,False,,,,
distribution_shots,numeric,256,256,0.0,0.0,8,9,1088.0,4128.0,1088.0,4160.0,1248.0,1408.0,1376.0,1248.0,lower_predicts_safe,0.5092112838226828,0.4265044078522437,0.6031341113134759,0.48596491228070177,0.3958851740769818,0.5715562634761223,False,,,,
parameter_count,numeric,256,256,0.0,0.0,4,3,4.0,20.0,4.0,20.0,12.0,6.0,4.0,12.0,higher_predicts_safe,0.5078953861337281,0.4241307535079816,0.5957509810767685,0.489792663476874,0.40431437047502833,0.5762802704622944,False,,,,
selected_ops_count,numeric,256,256,0.0,0.0,2,2,0.0,6.0,0.0,4.0,0.0,0.0,0.0,0.0,higher_predicts_safe,0.5026317953779094,0.43782283022031915,0.5660523185314704,0.494896331738437,0.4258104081453138,0.5660143300708298,False,,,,
hamiltonian_term_count,numeric,256,256,0.0,0.0,3,3,10.0,40.0,10.0,40.0,40.0,24.0,24.0,40.0,higher_predicts_safe,0.5078953861337281,0.4335114590683958,0.5935082118120918,0.484688995215311,0.40934863823354484,0.5706051374957979,False,,,,
num_qubits,numeric,256,256,0.0,0.0,3,3,4.0,6.0,4.0,6.0,5.0,5.0,5.0,5.0,lower_predicts_safe,0.5078953861337281,0.4261848318731959,0.5866377349866926,0.484688995215311,0.40360577913824774,0.5663122587424957,False,,,,
distribution_entropy,numeric,256,256,0.0,0.0,32,32,0.6468211968321697,5.782781976964548,0.6047423667382925,5.966226568790981,1.3937094986767222,1.510603338534905,1.2856105711413355,1.1806431316883081,lower_predicts_safe,0.5101982070893988,0.4172827918651747,0.6044101747902985,0.48149920255183415,0.39096686250715,0.5666951510333863,False,,,,
distribution_max_probability,numeric,256,256,0.0,0.0,31,32,0.06346899224806202,0.9136029411764706,0.028365384615384615,0.9200367647058824,0.810546875,0.7862215909090909,0.8149038461538461,0.8241279069767442,higher_predicts_safe,0.5101982070893988,0.4241715652406007,0.5982445773081201,0.48277511961722486,0.3942380687946065,0.5697742246197965,False,,,,
workload,categorical,256,256,0.0,0.0,4,4,,,,,,,,,not_applicable_multicategory,,,,,,,,"{""adapt_vqe"": 16, ""h2_vqe"": 16, ""lih_vqe"": 16, ""qaoa_maxcut"": 15}","{""adapt_vqe"": 48, ""h2_vqe"": 48, ""lih_vqe"": 48, ""qaoa_maxcut"": 49}","{""adapt_vqe"": 16, ""h2_vqe"": 16, ""lih_vqe"": 16, ""qaoa_maxcut"": 18}","{""adapt_vqe"": 48, ""h2_vqe"": 48, ""lih_vqe"": 48, ""qaoa_maxcut"": 46}"
action,categorical,256,256,0.0,0.0,2,2,,,,,,,,,not_applicable_multicategory,,,,,,,,"{""replay"": 63}","{""migrate"": 128, ""replay"": 65}","{""migrate"": 2, ""replay"": 64}","{""migrate"": 126, ""replay"": 64}"
target_backend,categorical,256,256,0.0,0.0,3,3,,,,,,,,,not_applicable_multicategory,,,,,,,,"{""ibm_kyiv"": 63}","{""ibm_brisbane"": 64, ""ibm_kyiv"": 65, ""ibm_sherbrooke"": 64}","{""ibm_kyiv"": 64, ""ibm_sherbrooke"": 2}","{""ibm_brisbane"": 64, ""ibm_kyiv"": 64, ""ibm_sherbrooke"": 62}"
ansatz_family,categorical,256,256,0.0,0.0,3,3,,,,,,,,,not_applicable_multicategory,,,,,,,,"{""adapt_pauli_pool"": 16, ""entangling_ry_rz_brickwork"": 32, ""qaoa_maxcut"": 15}","{""adapt_pauli_pool"": 48, ""entangling_ry_rz_brickwork"": 96, ""qaoa_maxcut"": 49}","{""adapt_pauli_pool"": 16, ""entangling_ry_rz_brickwork"": 32, ""qaoa_maxcut"": 18}","{""adapt_pauli_pool"": 48, ""entangling_ry_rz_brickwork"": 96, ""qaoa_maxcut"": 46}"
grouping_method,categorical,256,256,0.0,0.0,1,1,,,,,,,,,not_applicable_multicategory,,,,,,,,"{""qubit_wise_commuting"": 63}","{""qubit_wise_commuting"": 193}","{""qubit_wise_commuting"": 66}","{""qubit_wise_commuting"": 190}"
