scenario_id,action_id,action,target,predicted_success_probability,observed_C_AND_S,split,calibration_selected_threshold,selected_regularization
sha256:0244037081566f1eb6d6a395b0215bdc570a12f915ecd1ff9ac5c7de4056d232,migrate:ibm_sherbrooke,migrate,ibm_sherbrooke,0.24589338434365068,False,fresh_evaluation,0.40000000000000013,1.0
sha256:0244037081566f1eb6d6a395b0215bdc570a12f915ecd1ff9ac5c7de4056d232,replay:ibm_kyiv,replay,ibm_kyiv,0.2368872081589556,False,fresh_evaluation,0.40000000000000013,1.0
sha256:0570cad388199e0985c61811384e5cbe4b7d3bf13e294225165ced45eb585bf5,migrate:ibm_brisbane,migrate,ibm_brisbane,0.18049619447491058,False,fresh_evaluation,0.40000000000000013,1.0
sha256:0570cad388199e0985c61811384e5cbe4b7d3bf13e294225165ced45eb585bf5,migrate:ibm_sherbrooke,migrate,ibm_sherbrooke,0.2592177801269694,False,fresh_evaluation,0.40000000000000013,1.0
sha256:0ada49f1beb0cbda2b236bbce09d5c2377e606fbbfa12cf2928779300f647c05,migrate:ibm_brisbane,migrate,ibm_brisbane,0.03774513840137648,False,fresh_evaluation,0.40000000000000013,1.0
sha256:0ada49f1beb0cbda2b236bbce09d5c2377e606fbbfa12cf2928779300f647c05,replay:ibm_kyiv,replay,ibm_kyiv,0.12050882644701225,False,fresh_evaluation,0.40000000000000013,1.0
sha256:0d049888020ebc50e34e3a34a121922731d9af3b2696d077a0c29923165d5f30,migrate:ibm_brisbane,migrate,ibm_brisbane,0.03772899556026221,False,fresh_evaluation,0.40000000000000013,1.0
sha256:0d049888020ebc50e34e3a34a121922731d9af3b2696d077a0c29923165d5f30,replay:ibm_kyiv,replay,ibm_kyiv,0.12046171839408211,False,fresh_evaluation,0.40000000000000013,1.0
sha256:0d49f6fce23aef4c7193adde0d1109fa35281f51aa7bf9a22fcb4c0ec6e550d7,migrate:ibm_brisbane,migrate,ibm_brisbane,0.0376990629994761,False,fresh_evaluation,0.40000000000000013,1.0
sha256:0d49f6fce23aef4c7193adde0d1109fa35281f51aa7bf9a22fcb4c0ec6e550d7,replay:ibm_kyiv,replay,ibm_kyiv,0.12037435999728738,False,fresh_evaluation,0.40000000000000013,1.0
sha256:0f6841bcc6a8fbef010125d7b898c57131311604a6f59328951f88ab8640bcbc,replay:ibm_kyiv,replay,ibm_kyiv,0.4269100141384094,True,fresh_evaluation,0.40000000000000013,1.0
sha256:12e62b9ad4663895f0f6557f3cb742e0f00a4e3c9dff68faeadf12f67b74ad7b,migrate:ibm_brisbane,migrate,ibm_brisbane,0.18035108197732558,False,fresh_evaluation,0.40000000000000013,1.0
sha256:12e62b9ad4663895f0f6557f3cb742e0f00a4e3c9dff68faeadf12f67b74ad7b,migrate:ibm_sherbrooke,migrate,ibm_sherbrooke,0.25902938282849086,False,fresh_evaluation,0.40000000000000013,1.0
sha256:132836aca490106934dec73f73f81bd64c6749fa43eeecc53697824b1dad3b40,replay:ibm_kyiv,replay,ibm_kyiv,0.4473622793734496,True,fresh_evaluation,0.40000000000000013,1.0
sha256:1352050fe1181747689388ef8218f56b0d4da73dae656b765bb281501d5a0bf2,replay:ibm_kyiv,replay,ibm_kyiv,0.43234969908263143,True,fresh_evaluation,0.40000000000000013,1.0
sha256:142fbc203db96b6a59826e3b6ad703b3729d43140ed46eb3ff168d936a14aa6f,migrate:ibm_brisbane,migrate,ibm_brisbane,0.03774291284721342,False,fresh_evaluation,0.40000000000000013,1.0
sha256:142fbc203db96b6a59826e3b6ad703b3729d43140ed46eb3ff168d936a14aa6f,replay:ibm_kyiv,replay,ibm_kyiv,0.12050233203889235,False,fresh_evaluation,0.40000000000000013,1.0
sha256:16367861cede541832305616676e92e153be8cdab5b0ba53594417db1a88bec8,replay:ibm_kyiv,replay,ibm_kyiv,0.4411640726190701,True,fresh_evaluation,0.40000000000000013,1.0
sha256:1d6b3174e934ddc4bb56074241a38c71349cd9fb09959b531cb17141a00217d7,replay:ibm_kyiv,replay,ibm_kyiv,0.42610183944092683,True,fresh_evaluation,0.40000000000000013,1.0
sha256:1d8655b8dc91690acc6bb601ccce821463edd57680ad7443032c7db8aa5f77e2,replay:ibm_kyiv,replay,ibm_kyiv,0.42456209493011293,True,fresh_evaluation,0.40000000000000013,1.0
sha256:1dfd018bb2b8b9f0bce9187238fbadb940d256f36bbdc3a5964b7265a0b822d3,migrate:ibm_brisbane,migrate,ibm_brisbane,0.03774994507156777,False,fresh_evaluation,0.40000000000000013,1.0
sha256:1dfd018bb2b8b9f0bce9187238fbadb940d256f36bbdc3a5964b7265a0b822d3,replay:ibm_kyiv,replay,ibm_kyiv,0.12052285260652731,False,fresh_evaluation,0.40000000000000013,1.0
sha256:1eafa41053135a193f70965b950cff889f8cbee37887979ea292910d12d18425,migrate:ibm_brisbane,migrate,ibm_brisbane,0.18017356998726894,False,fresh_evaluation,0.40000000000000013,1.0
sha256:1eafa41053135a193f70965b950cff889f8cbee37887979ea292910d12d18425,migrate:ibm_sherbrooke,migrate,ibm_sherbrooke,0.2587988821957643,False,fresh_evaluation,0.40000000000000013,1.0
sha256:20508ca5ff87032243ea7f88d5bc5ed6b5cb52534c93aa2ce14e85d91b885267,migrate:ibm_sherbrooke,migrate,ibm_sherbrooke,0.25896407876737,False,fresh_evaluation,0.40000000000000013,1.0
sha256:20508ca5ff87032243ea7f88d5bc5ed6b5cb52534c93aa2ce14e85d91b885267,replay:ibm_kyiv,replay,ibm_kyiv,0.24963764902725527,False,fresh_evaluation,0.40000000000000013,1.0
sha256:22768b461384c85c5ac439f68e616cd0930b38cfa5b7effa0fce848aeb5dd074,migrate:ibm_brisbane,migrate,ibm_brisbane,0.18045192722238074,False,fresh_evaluation,0.40000000000000013,1.0
sha256:22768b461384c85c5ac439f68e616cd0930b38cfa5b7effa0fce848aeb5dd074,migrate:ibm_sherbrooke,migrate,ibm_sherbrooke,0.25916031172611753,False,fresh_evaluation,0.40000000000000013,1.0
sha256:2473f7c2e9b1ce3a1a93132a911417345b0a0a9bf6c98a664f315ff94dfa0ba8,migrate:ibm_sherbrooke,migrate,ibm_sherbrooke,0.25916031172611753,False,fresh_evaluation,0.40000000000000013,1.0
sha256:2473f7c2e9b1ce3a1a93132a911417345b0a0a9bf6c98a664f315ff94dfa0ba8,replay:ibm_kyiv,replay,ibm_kyiv,0.24982919738194162,False,fresh_evaluation,0.40000000000000013,1.0
sha256:24a805423e2403c8ac5f3874b99bad944c3f19afc4fb5ebfe1d95e94c9a28e32,migrate:ibm_brisbane,migrate,ibm_brisbane,0.03775937355833241,False,fresh_evaluation,0.40000000000000013,1.0
sha256:24a805423e2403c8ac5f3874b99bad944c3f19afc4fb5ebfe1d95e94c9a28e32,replay:ibm_kyiv,replay,ibm_kyiv,0.12055036461889257,False,fresh_evaluation,0.40000000000000013,1.0
sha256:2644bf19bcc6f714bb66f1a604d460d4a32b16a488ffd88dea4b1b096c3038a4,migrate:ibm_brisbane,migrate,ibm_brisbane,0.1802421612334418,False,fresh_evaluation,0.40000000000000013,1.0
sha256:2644bf19bcc6f714bb66f1a604d460d4a32b16a488ffd88dea4b1b096c3038a4,migrate:ibm_sherbrooke,migrate,ibm_sherbrooke,0.2588879536001694,False,fresh_evaluation,0.40000000000000013,1.0
sha256:267e5629c7db5a09bc7e3648c4167d7a5efd958b83c9d43c13969a6703b71b88,replay:ibm_kyiv,replay,ibm_kyiv,0.4473024156507023,True,fresh_evaluation,0.40000000000000013,1.0
sha256:29a0fadec2793c062c89f98789cd5247097552216da566a3e2ec054220502809,migrate:ibm_sherbrooke,migrate,ibm_sherbrooke,0.24706336286383193,False,fresh_evaluation,0.40000000000000013,1.0
sha256:29a0fadec2793c062c89f98789cd5247097552216da566a3e2ec054220502809,replay:ibm_kyiv,replay,ibm_kyiv,0.23802786055198252,False,fresh_evaluation,0.40000000000000013,1.0
sha256:2f1dc57a0f8454e1eb07cd3b943e559ef09c3a9687b69d7abac745b8871453ca,migrate:ibm_sherbrooke,migrate,ibm_sherbrooke,0.25923371926064714,False,fresh_evaluation,0.40000000000000013,1.0
sha256:2f1dc57a0f8454e1eb07cd3b943e559ef09c3a9687b69d7abac745b8871453ca,replay:ibm_kyiv,replay,ibm_kyiv,0.24990085342187013,False,fresh_evaluation,0.40000000000000013,1.0
sha256:2fa9308daccfebe7ba590a24893e1a6e26dccbc288a13d7a2633ecbbe924c3fe,migrate:ibm_sherbrooke,migrate,ibm_sherbrooke,0.24772125204509318,False,fresh_evaluation,0.40000000000000013,1.0
sha256:2fa9308daccfebe7ba590a24893e1a6e26dccbc288a13d7a2633ecbbe924c3fe,replay:ibm_kyiv,replay,ibm_kyiv,0.23866931634198293,False,fresh_evaluation,0.40000000000000013,1.0
sha256:30237126ff7957d0cda20f3942a5356a6b1ad1397e753b516bdff5a00f66455a,migrate:ibm_brisbane,migrate,ibm_brisbane,0.18010713244240442,False,fresh_evaluation,0.40000000000000013,1.0
sha256:30237126ff7957d0cda20f3942a5356a6b1ad1397e753b516bdff5a00f66455a,migrate:ibm_sherbrooke,migrate,ibm_sherbrooke,0.25871260134940044,False,fresh_evaluation,0.40000000000000013,1.0
sha256:325074df5f65ccfb96e8c34687bdc0b4c35873b7b46907ff4af3d8ca1323faf6,replay:ibm_kyiv,replay,ibm_kyiv,0.44161694434652254,True,fresh_evaluation,0.40000000000000013,1.0
sha256:32c019dd74f04b6e4d4bb30b138c07fb87dfbefaf685f367611f489e974ffa51,migrate:ibm_brisbane,migrate,ibm_brisbane,0.03768222310148464,False,fresh_evaluation,0.40000000000000013,1.0
sha256:32c019dd74f04b6e4d4bb30b138c07fb87dfbefaf685f367611f489e974ffa51,replay:ibm_kyiv,replay,ibm_kyiv,0.12032520739335899,False,fresh_evaluation,0.40000000000000013,1.0
sha256:34cfce0d0f84d0d9403d5989c00c622acc19b21547cc12ca7b3f2f7a1e08ae21,replay:ibm_kyiv,replay,ibm_kyiv,0.4472981171246122,True,fresh_evaluation,0.40000000000000013,1.0
sha256:3695243f344178f817a3536fd822fc021b70e8d898b703bd51c54b2ea798dc23,migrate:ibm_sherbrooke,migrate,ibm_sherbrooke,0.2587988821957643,False,fresh_evaluation,0.40000000000000013,1.0
sha256:3695243f344178f817a3536fd822fc021b70e8d898b703bd51c54b2ea798dc23,replay:ibm_kyiv,replay,ibm_kyiv,0.24947639897084153,False,fresh_evaluation,0.40000000000000013,1.0
sha256:379a3c7a28103959815a34788e87aa9aed596eca357af8418370f04e42cc56d0,replay:ibm_kyiv,replay,ibm_kyiv,0.42066870904913906,True,fresh_evaluation,0.40000000000000013,1.0
sha256:37f863b0e5de69119ace57b2e43227edad2fe92e8a4c32453b11a41c359e7b35,migrate:ibm_sherbrooke,migrate,ibm_sherbrooke,0.259046230987039,False,fresh_evaluation,0.40000000000000013,1.0
sha256:37f863b0e5de69119ace57b2e43227edad2fe92e8a4c32453b11a41c359e7b35,replay:ibm_kyiv,replay,ibm_kyiv,0.24971783960974084,False,fresh_evaluation,0.40000000000000013,1.0
sha256:38b87cd68879df0f85ad245f65de7521e50589133ad51a07d4484eeaf476fd03,migrate:ibm_brisbane,migrate,ibm_brisbane,0.18005824119271138,False,fresh_evaluation,0.40000000000000013,1.0
sha256:38b87cd68879df0f85ad245f65de7521e50589133ad51a07d4484eeaf476fd03,migrate:ibm_sherbrooke,migrate,ibm_sherbrooke,0.2586491035577859,False,fresh_evaluation,0.40000000000000013,1.0
sha256:39570065dc4d2dcec9f3c0a65ac10498870db4ea6441d90ab1ef859aa43ab86d,replay:ibm_kyiv,replay,ibm_kyiv,0.44176899401261704,True,fresh_evaluation,0.40000000000000013,1.0
sha256:3b30a70ebb817cfeeb3568d5b98fcfcc1788ba62925da37edb4cfffeeafd8e57,replay:ibm_kyiv,replay,ibm_kyiv,0.44147109940062285,True,fresh_evaluation,0.40000000000000013,1.0
sha256:3be82df24df4984dd44cf5fa9132e74ce8712313b9c7b0bad7ba74066a1aa379,migrate:ibm_sherbrooke,migrate,ibm_sherbrooke,0.25913156712485164,False,fresh_evaluation,0.40000000000000013,1.0
sha256:3be82df24df4984dd44cf5fa9132e74ce8712313b9c7b0bad7ba74066a1aa379,replay:ibm_kyiv,replay,ibm_kyiv,0.24980113876257182,False,fresh_evaluation,0.40000000000000013,1.0
sha256:3c49e9d8de3b83102ceae1c367933efa221d050e91f293b19ca6b8e3bce8c322,replay:ibm_kyiv,replay,ibm_kyiv,0.4418948413925316,True,fresh_evaluation,0.40000000000000013,1.0
sha256:3c6015b1866547c6c98441d1d22189bc8ea100f30035016d431c732e04f7a73a,migrate:ibm_brisbane,migrate,ibm_brisbane,0.037707821635137424,False,fresh_evaluation,0.40000000000000013,1.0
sha256:3c6015b1866547c6c98441d1d22189bc8ea100f30035016d431c732e04f7a73a,replay:ibm_kyiv,replay,ibm_kyiv,0.12039992337275318,False,fresh_evaluation,0.40000000000000013,1.0
sha256:3f1fec99351160b4039484fe5fcdc212ada875d25cb0ffa4bb61530178108f71,migrate:ibm_brisbane,migrate,ibm_brisbane,0.03772052591187029,False,fresh_evaluation,0.40000000000000013,1.0
sha256:3f1fec99351160b4039484fe5fcdc212ada875d25cb0ffa4bb61530178108f71,replay:ibm_kyiv,replay,ibm_kyiv,0.12043700087253012,False,fresh_evaluation,0.40000000000000013,1.0
sha256:3f20ea7c4fe0b33bd23bfbe22c2ee1eeb9fa646323a1e205daf972b2da72fa5c,replay:ibm_kyiv,replay,ibm_kyiv,0.44704968870530765,True,fresh_evaluation,0.40000000000000013,1.0
sha256:3face33e8b1c232cdd180bb57024ef49c479f42eb922d47bfddc872f6a3d3111,replay:ibm_kyiv,replay,ibm_kyiv,0.4470978276700485,True,fresh_evaluation,0.40000000000000013,1.0
sha256:44087342f2fd41eeb6b42dbc4d162ead09fd15f089bab2d993289e2d7f70efb1,migrate:ibm_brisbane,migrate,ibm_brisbane,0.0377204788348911,False,fresh_evaluation,0.40000000000000013,1.0
sha256:44087342f2fd41eeb6b42dbc4d162ead09fd15f089bab2d993289e2d7f70efb1,replay:ibm_kyiv,replay,ibm_kyiv,0.12043686348207691,False,fresh_evaluation,0.40000000000000013,1.0
sha256:4459b580757319b2c3329a95492ded6175848ff46de8eaa8fbcd74ff9e32a6ab,replay:ibm_kyiv,replay,ibm_kyiv,0.44153062456318737,True,fresh_evaluation,0.40000000000000013,1.0
sha256:45151503c2370cd561679f78ace11dc5c619d246041e447ad084fcb4411307eb,migrate:ibm_sherbrooke,migrate,ibm_sherbrooke,0.25913742019912683,False,fresh_evaluation,0.40000000000000013,1.0
sha256:45151503c2370cd561679f78ace11dc5c619d246041e447ad084fcb4411307eb,replay:ibm_kyiv,replay,ibm_kyiv,0.2498068521485047,False,fresh_evaluation,0.40000000000000013,1.0
sha256:498b80a0e382afca06cfa66dae32d095b799c214412a698ee776c00722f80f93,migrate:ibm_brisbane,migrate,ibm_brisbane,0.1802778327862631,False,fresh_evaluation,0.40000000000000013,1.0
sha256:498b80a0e382afca06cfa66dae32d095b799c214412a698ee776c00722f80f93,migrate:ibm_sherbrooke,migrate,ibm_sherbrooke,0.2589342734902274,False,fresh_evaluation,0.40000000000000013,1.0
sha256:4aabbf8b919a5ae40c4f52cac0d149988d7073e3b9dbc60649055b8ae5595227,migrate:ibm_brisbane,migrate,ibm_brisbane,0.03776145034346634,False,fresh_evaluation,0.40000000000000013,1.0
sha256:4aabbf8b919a5ae40c4f52cac0d149988d7073e3b9dbc60649055b8ae5595227,replay:ibm_kyiv,replay,ibm_kyiv,0.12055642445031718,False,fresh_evaluation,0.40000000000000013,1.0
sha256:4b3761825d548f92d437da3f742efd91c6249417bbd4896555e10c143604d31b,migrate:ibm_sherbrooke,migrate,ibm_sherbrooke,0.2590618569449717,False,fresh_evaluation,0.40000000000000013,1.0
sha256:4b3761825d548f92d437da3f742efd91c6249417bbd4896555e10c143604d31b,replay:ibm_kyiv,replay,ibm_kyiv,0.24973309252229944,False,fresh_evaluation,0.40000000000000013,1.0
sha256:4b42b9cfcecb6af376f22b86ad2853d7fb1fda851f841df8c04eecd6fbd34de8,migrate:ibm_brisbane,migrate,ibm_brisbane,0.037747531182545105,False,fresh_evaluation,0.40000000000000013,1.0
sha256:4b42b9cfcecb6af376f22b86ad2853d7fb1fda851f841df8c04eecd6fbd34de8,replay:ibm_kyiv,replay,ibm_kyiv,0.12051580876816724,False,fresh_evaluation,0.40000000000000013,1.0
sha256:4c320ff9591cf87ac791501526129b04c25b287ac138ba15f2b35aafe9d5a056,migrate:ibm_brisbane,migrate,ibm_brisbane,0.1804207251771511,False,fresh_evaluation,0.40000000000000013,1.0
sha256:4c320ff9591cf87ac791501526129b04c25b287ac138ba15f2b35aafe9d5a056,migrate:ibm_sherbrooke,migrate,ibm_sherbrooke,0.25911980314327676,False,fresh_evaluation,0.40000000000000013,1.0
sha256:4ebc2efc8a45b3a14d69fa116889d248a0a71c70f264c848b2296d7ebb60a19b,migrate:ibm_sherbrooke,migrate,ibm_sherbrooke,0.25902925973391994,False,fresh_evaluation,0.40000000000000013,1.0
sha256:4ebc2efc8a45b3a14d69fa116889d248a0a71c70f264c848b2296d7ebb60a19b,replay:ibm_kyiv,replay,ibm_kyiv,0.24970127354506494,False,fresh_evaluation,0.40000000000000013,1.0
sha256:4f23bd6e9cd6101d2d5458a111da4b8c1e1f2d8e9b73066eb6f7658cc692938c,migrate:ibm_brisbane,migrate,ibm_brisbane,0.03776446646458432,False,fresh_evaluation,0.40000000000000013,1.0
sha256:4f23bd6e9cd6101d2d5458a111da4b8c1e1f2d8e9b73066eb6f7658cc692938c,replay:ibm_kyiv,replay,ibm_kyiv,0.12056522505907087,False,fresh_evaluation,0.40000000000000013,1.0
sha256:4f369f053813b93a375b837b35d57eeeb84a6b252a1487146524ca116e6f87b3,migrate:ibm_brisbane,migrate,ibm_brisbane,0.037665914085129266,False,fresh_evaluation,0.40000000000000013,1.0
sha256:4f369f053813b93a375b837b35d57eeeb84a6b252a1487146524ca116e6f87b3,replay:ibm_kyiv,replay,ibm_kyiv,0.1202776007400854,False,fresh_evaluation,0.40000000000000013,1.0
sha256:4fdaf611d1dfbc51fd832782e03b10917bb2e43cd506a88f5aa4122d7bcb463d,replay:ibm_kyiv,replay,ibm_kyiv,0.4466438311991814,True,fresh_evaluation,0.40000000000000013,1.0
sha256:513e9f5803917b2c4a6ae191f1bb3571776815b0c6210b9adc24ac94c0215222,migrate:ibm_brisbane,migrate,ibm_brisbane,0.03774624573041915,False,fresh_evaluation,0.40000000000000013,1.0
sha256:513e9f5803917b2c4a6ae191f1bb3571776815b0c6210b9adc24ac94c0215222,replay:ibm_kyiv,replay,ibm_kyiv,0.12051205772856402,False,fresh_evaluation,0.40000000000000013,1.0
sha256:526e41eb07f3dee7199aada8948972bf9f2d866afae329be833b63c918484a64,migrate:ibm_brisbane,migrate,ibm_brisbane,0.0377034370152105,False,fresh_evaluation,0.40000000000000013,1.0
sha256:526e41eb07f3dee7199aada8948972bf9f2d866afae329be833b63c918484a64,replay:ibm_kyiv,replay,ibm_kyiv,0.12038712633762981,False,fresh_evaluation,0.40000000000000013,1.0
sha256:55258d001fdd64d8f0b015d476b8b4ede8eebfd89212150d00806ce504339a56,migrate:ibm_brisbane,migrate,ibm_brisbane,0.037744371312836256,False,fresh_evaluation,0.40000000000000013,1.0
sha256:55258d001fdd64d8f0b015d476b8b4ede8eebfd89212150d00806ce504339a56,replay:ibm_kyiv,replay,ibm_kyiv,0.1205065880070001,False,fresh_evaluation,0.40000000000000013,1.0
sha256:56e47eeec34a67b4c326a42e82bb22e3326c555b930e5008df73c514dbbf3405,migrate:ibm_brisbane,migrate,ibm_brisbane,0.03527831326866242,False,fresh_evaluation,0.40000000000000013,1.0
sha256:56e47eeec34a67b4c326a42e82bb22e3326c555b930e5008df73c514dbbf3405,replay:ibm_kyiv,replay,ibm_kyiv,0.11326970765983219,False,fresh_evaluation,0.40000000000000013,1.0
sha256:592fe40cf092baac3b5472e360819b9a8b54989f74c68a946cb525fd90f03b5e,migrate:ibm_sherbrooke,migrate,ibm_sherbrooke,0.2590012021285139,False,fresh_evaluation,0.40000000000000013,1.0
sha256:592fe40cf092baac3b5472e360819b9a8b54989f74c68a946cb525fd90f03b5e,replay:ibm_kyiv,replay,ibm_kyiv,0.24967388587455147,False,fresh_evaluation,0.40000000000000013,1.0
sha256:5cd393f16ab839c55605c93e8d852121de1eba29fca85cee2a83f01388a6530e,migrate:ibm_brisbane,migrate,ibm_brisbane,0.18030078693605905,False,fresh_evaluation,0.40000000000000013,1.0
sha256:5cd393f16ab839c55605c93e8d852121de1eba29fca85cee2a83f01388a6530e,migrate:ibm_sherbrooke,migrate,ibm_sherbrooke,0.25896407876737,False,fresh_evaluation,0.40000000000000013,1.0
sha256:5db96d4b3a02512cc9f48e7b078666a467e45e0e262f5b2e773f242c1489debb,migrate:ibm_brisbane,migrate,ibm_brisbane,0.17189916929065382,False,fresh_evaluation,0.40000000000000013,1.0
sha256:5db96d4b3a02512cc9f48e7b078666a467e45e0e262f5b2e773f242c1489debb,migrate:ibm_sherbrooke,migrate,ibm_sherbrooke,0.24800596018753604,False,fresh_evaluation,0.40000000000000013,1.0
sha256:5dcf7dafae596e1c166762b11454bc0e1516ba6ed734a9bd8e78fe21be8fe96b,replay:ibm_kyiv,replay,ibm_kyiv,0.4470112942095902,True,fresh_evaluation,0.40000000000000013,1.0
sha256:5fb0841780c1bb2f9a549548862dd9c2163a98aa7483b39a46c2ca9d769c15e7,replay:ibm_kyiv,replay,ibm_kyiv,0.446951621504221,True,fresh_evaluation,0.40000000000000013,1.0
sha256:60386de6366f95d0f9259d2967064019835dc6421ede8ad1d6776ad3061aeb47,replay:ibm_kyiv,replay,ibm_kyiv,0.43240598954547843,True,fresh_evaluation,0.40000000000000013,1.0
sha256:609a4262a4aeb0e265f4646b0d5c35bcead809c8c1050fdc97d39053ed3e795e,migrate:ibm_sherbrooke,migrate,ibm_sherbrooke,0.259156973451423,False,fresh_evaluation,0.40000000000000013,1.0
sha256:609a4262a4aeb0e265f4646b0d5c35bcead809c8c1050fdc97d39053ed3e795e,replay:ibm_kyiv,replay,ibm_kyiv,0.24982593877021858,False,fresh_evaluation,0.40000000000000013,1.0
sha256:63e9b8cb6c9c06799f0d1364fe49f809b06af4f3a89ff645a5afbb57b9a702a9,migrate:ibm_sherbrooke,migrate,ibm_sherbrooke,0.2481053745298124,False,fresh_evaluation,0.40000000000000013,1.0
sha256:63e9b8cb6c9c06799f0d1364fe49f809b06af4f3a89ff645a5afbb57b9a702a9,replay:ibm_kyiv,replay,ibm_kyiv,0.2390438628010969,False,fresh_evaluation,0.40000000000000013,1.0
sha256:64311c0a53f553a5fe20a3874adf78ebc310b01b683a0078d6bf0e5fe42784b0,migrate:ibm_brisbane,migrate,ibm_brisbane,0.1804493558516269,False,fresh_evaluation,0.40000000000000013,1.0
sha256:64311c0a53f553a5fe20a3874adf78ebc310b01b683a0078d6bf0e5fe42784b0,migrate:ibm_sherbrooke,migrate,ibm_sherbrooke,0.259156973451423,False,fresh_evaluation,0.40000000000000013,1.0
sha256:64470c284b2fe16ef2540a97d2574aa529f46acc9134a939d8c42d57afb300a4,replay:ibm_kyiv,replay,ibm_kyiv,0.4472729388339413,True,fresh_evaluation,0.40000000000000013,1.0
sha256:66c07fe8c32e015d3447b506bcef36514438c7c28842b6b3aafa4aff7a002d8d,migrate:ibm_sherbrooke,migrate,ibm_sherbrooke,0.2586491035577859,False,fresh_evaluation,0.40000000000000013,1.0
sha256:66c07fe8c32e015d3447b506bcef36514438c7c28842b6b3aafa4aff7a002d8d,replay:ibm_kyiv,replay,ibm_kyiv,0.24933020075447931,False,fresh_evaluation,0.40000000000000013,1.0
sha256:6b3b38973289888426c35056b15c7b8645ae9512ac6f40a4ed7f90eb2248ea93,migrate:ibm_brisbane,migrate,ibm_brisbane,0.1803509871714002,False,fresh_evaluation,0.40000000000000013,1.0
sha256:6b3b38973289888426c35056b15c7b8645ae9512ac6f40a4ed7f90eb2248ea93,migrate:ibm_sherbrooke,migrate,ibm_sherbrooke,0.25902925973391994,False,fresh_evaluation,0.40000000000000013,1.0
sha256:6f5b3fb871929ee88c35a0906bf70e3eb12a3207c050b1cadc8ad7d9d1be91b0,replay:ibm_kyiv,replay,ibm_kyiv,0.4269661290767455,True,fresh_evaluation,0.40000000000000013,1.0
sha256:7041dc2662a72c0331e31d86644b56c776e38d4a6fdee60099c125cb5681823c,replay:ibm_kyiv,replay,ibm_kyiv,0.4417788971272032,True,fresh_evaluation,0.40000000000000013,1.0
sha256:71db21298102762c446b880607dd57c36f338fc2816e523f55215b3d099d5234,replay:ibm_kyiv,replay,ibm_kyiv,0.44739693168140676,True,fresh_evaluation,0.40000000000000013,1.0
sha256:734b87631ca4a9ac09fbd7dc3b64252f4c802f9a061e252dc7678919c144c8e1,migrate:ibm_brisbane,migrate,ibm_brisbane,0.035513857040024875,False,fresh_evaluation,0.40000000000000013,1.0
sha256:734b87631ca4a9ac09fbd7dc3b64252f4c802f9a061e252dc7678919c144c8e1,replay:ibm_kyiv,replay,ibm_kyiv,0.11396446435305009,False,fresh_evaluation,0.40000000000000013,1.0
sha256:74e3e7a1fbc77210a0993db66c77cef494570ea1ab31f61aecd078e77a04f1cd,migrate:ibm_brisbane,migrate,ibm_brisbane,0.0377134580145628,False,fresh_evaluation,0.40000000000000013,1.0
sha256:74e3e7a1fbc77210a0993db66c77cef494570ea1ab31f61aecd078e77a04f1cd,replay:ibm_kyiv,replay,ibm_kyiv,0.12041637344128796,False,fresh_evaluation,0.40000000000000013,1.0
sha256:76da7d97a81f7bd5ed473db527eaa71d9f5b5975eda1a03f795bc19ed1ed439c,migrate:ibm_brisbane,migrate,ibm_brisbane,0.1803293777982494,False,fresh_evaluation,0.40000000000000013,1.0
sha256:76da7d97a81f7bd5ed473db527eaa71d9f5b5975eda1a03f795bc19ed1ed439c,migrate:ibm_sherbrooke,migrate,ibm_sherbrooke,0.2590012021285139,False,fresh_evaluation,0.40000000000000013,1.0
sha256:77020ad3711250fbc4eb65a47746809fb9442c12464f522ecf9bac7d42bbf63e,migrate:ibm_brisbane,migrate,ibm_brisbane,0.03773195124922186,False,fresh_evaluation,0.40000000000000013,1.0
sha256:77020ad3711250fbc4eb65a47746809fb9442c12464f522ecf9bac7d42bbf63e,replay:ibm_kyiv,replay,ibm_kyiv,0.12047034394736074,False,fresh_evaluation,0.40000000000000013,1.0
sha256:779117ffe110ecfee531f3e42837d1ea73aad0dfb8db4c83cfcfd88f19fd0cee,migrate:ibm_brisbane,migrate,ibm_brisbane,0.03568532409333758,False,fresh_evaluation,0.40000000000000013,1.0
sha256:779117ffe110ecfee531f3e42837d1ea73aad0dfb8db4c83cfcfd88f19fd0cee,replay:ibm_kyiv,replay,ibm_kyiv,0.11446974995249035,False,fresh_evaluation,0.40000000000000013,1.0
sha256:78d532b404892bdc39c2e0e528d1ebe96bc9fb5ea1c604d57167ea1aaf3ce356,replay:ibm_kyiv,replay,ibm_kyiv,0.4262483876155257,False,fresh_evaluation,0.40000000000000013,1.0
sha256:7964f62bab10bef6208c4935be6b3a0f1da525307d1dc941d0f9fbb9cc70e1ac,replay:ibm_kyiv,replay,ibm_kyiv,0.44726540177195945,True,fresh_evaluation,0.40000000000000013,1.0
sha256:7a6ac42d65ff9690372f0d9e2bfbe6f1ae337e68d9a35ba0d494f729569e0393,replay:ibm_kyiv,replay,ibm_kyiv,0.4473764103708342,True,fresh_evaluation,0.40000000000000013,1.0
sha256:7c463d5e57a7a57d41dd193a3bf875494924d865d2710ca168449efa9b2de5fd,migrate:ibm_brisbane,migrate,ibm_brisbane,0.18032956950434423,False,fresh_evaluation,0.40000000000000013,1.0
sha256:7c463d5e57a7a57d41dd193a3bf875494924d865d2710ca168449efa9b2de5fd,migrate:ibm_sherbrooke,migrate,ibm_sherbrooke,0.25900145104250333,False,fresh_evaluation,0.40000000000000013,1.0
sha256:7cd4a0f629c7aa2d129b0916ddd5bb5adcaed345fced6517e3f42f5a60ba45ac,replay:ibm_kyiv,replay,ibm_kyiv,0.44124570867886187,True,fresh_evaluation,0.40000000000000013,1.0
sha256:7cfc8cf3077405825493c7e873941973c79e3c9fb356f4181b5a142bb321a9af,replay:ibm_kyiv,replay,ibm_kyiv,0.4327808458435307,True,fresh_evaluation,0.40000000000000013,1.0
sha256:7f8958a9ae823f28856332e2cbaada38cd7bfedcecb0463ec085073c60fbee58,migrate:ibm_brisbane,migrate,ibm_brisbane,0.18048774007638851,False,fresh_evaluation,0.40000000000000013,1.0
sha256:7f8958a9ae823f28856332e2cbaada38cd7bfedcecb0463ec085073c60fbee58,migrate:ibm_sherbrooke,migrate,ibm_sherbrooke,0.2592068047111686,False,fresh_evaluation,0.40000000000000013,1.0
sha256:80c2226a7e1ab77b7409d1b98eed97669b02c29a31df645640fb281459313692,replay:ibm_kyiv,replay,ibm_kyiv,0.4273398200716682,True,fresh_evaluation,0.40000000000000013,1.0
sha256:81d31c26eae1c796550885bbc9825a1ddccc9ccd847a321b61aef26d3e93adb5,migrate:ibm_brisbane,migrate,ibm_brisbane,0.0356066210256552,False,fresh_evaluation,0.40000000000000013,1.0
sha256:81d31c26eae1c796550885bbc9825a1ddccc9ccd847a321b61aef26d3e93adb5,replay:ibm_kyiv,replay,ibm_kyiv,0.11423787404013203,False,fresh_evaluation,0.40000000000000013,1.0
sha256:83e8ba9ea89b70895a9b78850140a7146a596127763554a7369aa49df1c2308b,replay:ibm_kyiv,replay,ibm_kyiv,0.44135662000538733,True,fresh_evaluation,0.40000000000000013,1.0
sha256:8d5d7cfc2da86c56e08e733e733941b9a3e922178c601b571c4c34629e7c84c6,migrate:ibm_brisbane,migrate,ibm_brisbane,0.1712650236243418,False,fresh_evaluation,0.40000000000000013,1.0
sha256:8d5d7cfc2da86c56e08e733e733941b9a3e922178c601b571c4c34629e7c84c6,migrate:ibm_sherbrooke,migrate,ibm_sherbrooke,0.24717485533717606,False,fresh_evaluation,0.40000000000000013,1.0
sha256:8d5e4f7bc1c790c9a395c0b5bd97bd63762661d78334dbfaa9f7a70d0cd9c7e1,migrate:ibm_brisbane,migrate,ibm_brisbane,0.034739284816742225,False,fresh_evaluation,0.40000000000000013,1.0
sha256:8d5e4f7bc1c790c9a395c0b5bd97bd63762661d78334dbfaa9f7a70d0cd9c7e1,replay:ibm_kyiv,replay,ibm_kyiv,0.11167697111015154,False,fresh_evaluation,0.40000000000000013,1.0
sha256:8e68f7047b399f40f436455e3c9d07b4bc627be8cd3047aacf8c5bae1fa550bf,migrate:ibm_brisbane,migrate,ibm_brisbane,0.18043429472159075,False,fresh_evaluation,0.40000000000000013,1.0
sha256:8e68f7047b399f40f436455e3c9d07b4bc627be8cd3047aacf8c5bae1fa550bf,migrate:ibm_sherbrooke,migrate,ibm_sherbrooke,0.25913742019912683,False,fresh_evaluation,0.40000000000000013,1.0
sha256:8ec6adc53ade23f023e7742ee86ba07a118f78137f29bb6c32ccb3349460dc89,migrate:ibm_sherbrooke,migrate,ibm_sherbrooke,0.2591275124334941,False,fresh_evaluation,0.40000000000000013,1.0
sha256:8ec6adc53ade23f023e7742ee86ba07a118f78137f29bb6c32ccb3349460dc89,replay:ibm_kyiv,replay,ibm_kyiv,0.24979718084160227,False,fresh_evaluation,0.40000000000000013,1.0
sha256:8f2e19ad0439d288d83019f984a5509c1df7e86429c166248554e851621551a9,migrate:ibm_sherbrooke,migrate,ibm_sherbrooke,0.2589110861235333,False,fresh_evaluation,0.40000000000000013,1.0
sha256:8f2e19ad0439d288d83019f984a5509c1df7e86429c166248554e851621551a9,replay:ibm_kyiv,replay,ibm_kyiv,0.24958592208569563,False,fresh_evaluation,0.40000000000000013,1.0
sha256:8f5ae1ffa087ee40b6b389e2af8a192021067300c2ccd3af2c8fcd05b8c485ae,replay:ibm_kyiv,replay,ibm_kyiv,0.4416166245249069,True,fresh_evaluation,0.40000000000000013,1.0
sha256:9164a9a933fa2d5d764c8a76211472a7f22e3c9b8abcd92408754beaab4e56e0,migrate:ibm_brisbane,migrate,ibm_brisbane,0.1803640583122069,False,fresh_evaluation,0.40000000000000013,1.0
sha256:9164a9a933fa2d5d764c8a76211472a7f22e3c9b8abcd92408754beaab4e56e0,migrate:ibm_sherbrooke,migrate,ibm_sherbrooke,0.259046230987039,False,fresh_evaluation,0.40000000000000013,1.0
sha256:970096c0afcc01aa737b955f42a956a8b6410d04e4aee6971794a434e3f826c9,migrate:ibm_brisbane,migrate,ibm_brisbane,0.1805084725769464,False,fresh_evaluation,0.40000000000000013,1.0
sha256:970096c0afcc01aa737b955f42a956a8b6410d04e4aee6971794a434e3f826c9,migrate:ibm_sherbrooke,migrate,ibm_sherbrooke,0.25923371926064714,False,fresh_evaluation,0.40000000000000013,1.0
sha256:97798eeb44164107d8fba019c0a157d2fbc9c148a1dfd976b3ebae7ed354f5f6,replay:ibm_kyiv,replay,ibm_kyiv,0.447097507057355,True,fresh_evaluation,0.40000000000000013,1.0
sha256:995744d150dc026f31aa2e50bd304fa21ab76613a8e1a9825b2041527fdcb168,migrate:ibm_sherbrooke,migrate,ibm_sherbrooke,0.2587550381402768,False,fresh_evaluation,0.40000000000000013,1.0
sha256:995744d150dc026f31aa2e50bd304fa21ab76613a8e1a9825b2041527fdcb168,replay:ibm_kyiv,replay,ibm_kyiv,0.24943360277642057,False,fresh_evaluation,0.40000000000000013,1.0
sha256:9c4535ec7b9dad7d71e22b27650395330c9a5fc395d46586738e25c660818488,replay:ibm_kyiv,replay,ibm_kyiv,0.44726018045486016,True,fresh_evaluation,0.40000000000000013,1.0
sha256:9cfd23961399e3114957a60918b451707a135c936408d9827cb1413b192a93ff,replay:ibm_kyiv,replay,ibm_kyiv,0.44715550375764795,True,fresh_evaluation,0.40000000000000013,1.0
sha256:9e3f512c8decb8f15804861a407c79c8d454926209e027e54df192ca5b52d383,replay:ibm_kyiv,replay,ibm_kyiv,0.4315389808790025,True,fresh_evaluation,0.40000000000000013,1.0
sha256:a1820c2702f211a7f193cebbb2e530c856229e394217cc81092733943f3f5ea5,replay:ibm_kyiv,replay,ibm_kyiv,0.4467256706839856,True,fresh_evaluation,0.40000000000000013,1.0
sha256:a3f0ac2043ad1b3371c759714ea5bef7f583dd2728d29d306496391d8001a391,replay:ibm_kyiv,replay,ibm_kyiv,0.44156892421047655,True,fresh_evaluation,0.40000000000000013,1.0
sha256:a44d566d4dd82a7dbfa5f0bd6c0bbe055dac6c9721d38db873b9c0d347af2d37,replay:ibm_kyiv,replay,ibm_kyiv,0.44698142320759165,True,fresh_evaluation,0.40000000000000013,1.0
sha256:a5499d42b49a334339ffe05fdd9d52eb96f2db66ce9233e7b06606e850691a87,migrate:ibm_brisbane,migrate,ibm_brisbane,0.17168188420662558,False,fresh_evaluation,0.40000000000000013,1.0
sha256:a5499d42b49a334339ffe05fdd9d52eb96f2db66ce9233e7b06606e850691a87,migrate:ibm_sherbrooke,migrate,ibm_sherbrooke,0.24772125204509318,False,fresh_evaluation,0.40000000000000013,1.0
sha256:a756f769ffd22b6ba3e2500eea0b585d60d15b7a51204da8f34551faa7e088ec,replay:ibm_kyiv,replay,ibm_kyiv,0.4415008273985741,True,fresh_evaluation,0.40000000000000013,1.0
sha256:a8409215aae0c8131b4cb168915753d407f3a49c05279cf1f624f0cd693ec4a7,replay:ibm_kyiv,replay,ibm_kyiv,0.4471338041044325,True,fresh_evaluation,0.40000000000000013,1.0
sha256:a8f1aa0ef3726791ba29ed0b886cb8ce534b8272e134ba0100872d73795690e1,replay:ibm_kyiv,replay,ibm_kyiv,0.4468368579093181,True,fresh_evaluation,0.40000000000000013,1.0
sha256:abcfedbba6e7bef5d59d5e48d9160fbb459e98d058b3ea664b797514f71b06fe,replay:ibm_kyiv,replay,ibm_kyiv,0.4299943098116781,True,fresh_evaluation,0.40000000000000013,1.0
sha256:ae64a6d8214d4e69f35d54213153b7a77de983894b82fba0c69656739b2cb074,migrate:ibm_sherbrooke,migrate,ibm_sherbrooke,0.24767851259021187,False,fresh_evaluation,0.40000000000000013,1.0
sha256:ae64a6d8214d4e69f35d54213153b7a77de983894b82fba0c69656739b2cb074,replay:ibm_kyiv,replay,ibm_kyiv,0.2386276432293252,False,fresh_evaluation,0.40000000000000013,1.0
sha256:af2cd07264744d1325dc1b7158454754be784236e5b987b65e656fb2ed2758f2,replay:ibm_kyiv,replay,ibm_kyiv,0.4419153123312927,True,fresh_evaluation,0.40000000000000013,1.0
sha256:af3f231860cdfae9acd3ef9cf08a56d50334a2f0e57370738f0b29042cf2bf14,replay:ibm_kyiv,replay,ibm_kyiv,0.44713364556165025,True,fresh_evaluation,0.40000000000000013,1.0
sha256:afe675f80456df3f928f9422b2f30a7343af6bcf9ebd5ac9d54c4cc57b2bdf60,migrate:ibm_brisbane,migrate,ibm_brisbane,0.03561449770724799,False,fresh_evaluation,0.40000000000000013,1.0
sha256:afe675f80456df3f928f9422b2f30a7343af6bcf9ebd5ac9d54c4cc57b2bdf60,replay:ibm_kyiv,replay,ibm_kyiv,0.11426108417656258,False,fresh_evaluation,0.40000000000000013,1.0
sha256:b39e05719aca67f8af9a0a8f7d80aa9715ae8327bc51438d771a9f3883c87e77,replay:ibm_kyiv,replay,ibm_kyiv,0.4413002621211538,True,fresh_evaluation,0.40000000000000013,1.0
sha256:b755cf1315e5e11e498a0c49822210447008c5bf16045c1b71f0c29ebce33ff5,migrate:ibm_brisbane,migrate,ibm_brisbane,0.18043952823329948,False,fresh_evaluation,0.40000000000000013,1.0
sha256:b755cf1315e5e11e498a0c49822210447008c5bf16045c1b71f0c29ebce33ff5,migrate:ibm_sherbrooke,migrate,ibm_sherbrooke,0.25914421468996723,False,fresh_evaluation,0.40000000000000013,1.0
sha256:b946b94ec67315242c5cd58a6b91ef8e599f3d84874ad36da4fa6585e38ee0f6,migrate:ibm_brisbane,migrate,ibm_brisbane,0.17117998587843197,False,fresh_evaluation,0.40000000000000013,1.0
sha256:b946b94ec67315242c5cd58a6b91ef8e599f3d84874ad36da4fa6585e38ee0f6,migrate:ibm_sherbrooke,migrate,ibm_sherbrooke,0.24706336286383193,False,fresh_evaluation,0.40000000000000013,1.0
sha256:b9c9552b58ffdc518e943e336cb4e923713ac37be9f682f194533cf7098bf666,migrate:ibm_brisbane,migrate,ibm_brisbane,0.17197505275409952,False,fresh_evaluation,0.40000000000000013,1.0
sha256:b9c9552b58ffdc518e943e336cb4e923713ac37be9f682f194533cf7098bf666,migrate:ibm_sherbrooke,migrate,ibm_sherbrooke,0.2481053745298124,False,fresh_evaluation,0.40000000000000013,1.0
sha256:bb44c9badfb7600935bcc0120d45fe0056cab021e6b6559d2bfdaa61f42d119f,migrate:ibm_sherbrooke,migrate,ibm_sherbrooke,0.2588879536001694,False,fresh_evaluation,0.40000000000000013,1.0
sha256:bb44c9badfb7600935bcc0120d45fe0056cab021e6b6559d2bfdaa61f42d119f,replay:ibm_kyiv,replay,ibm_kyiv,0.24956334215439566,False,fresh_evaluation,0.40000000000000013,1.0
sha256:bb79db6bc7871a7939d703a5266a8420fa17a45076d550458728c18268379432,migrate:ibm_brisbane,migrate,ibm_brisbane,0.03775057666690347,False,fresh_evaluation,0.40000000000000013,1.0
sha256:bb79db6bc7871a7939d703a5266a8420fa17a45076d550458728c18268379432,replay:ibm_kyiv,replay,ibm_kyiv,0.1205246956177587,False,fresh_evaluation,0.40000000000000013,1.0
sha256:bc5bfa03f60d32eae4823b6b958041dde472537adc499f6c10086b885585faf9,replay:ibm_kyiv,replay,ibm_kyiv,0.44678035989985687,True,fresh_evaluation,0.40000000000000013,1.0
sha256:bcc2600a3bef9f31b18e17f1cf54c091602f802c56ce3e8b7138c065bd76d3b5,migrate:ibm_sherbrooke,migrate,ibm_sherbrooke,0.2592177801269694,False,fresh_evaluation,0.40000000000000013,1.0
sha256:bcc2600a3bef9f31b18e17f1cf54c091602f802c56ce3e8b7138c065bd76d3b5,replay:ibm_kyiv,replay,ibm_kyiv,0.24988529455047434,False,fresh_evaluation,0.40000000000000013,1.0
sha256:bdba4956e423846116ce0b632c7e6784f09c40f9574ef20c8795853b854b0c62,migrate:ibm_sherbrooke,migrate,ibm_sherbrooke,0.25902938282849086,False,fresh_evaluation,0.40000000000000013,1.0
sha256:bdba4956e423846116ce0b632c7e6784f09c40f9574ef20c8795853b854b0c62,replay:ibm_kyiv,replay,ibm_kyiv,0.24970139370065636,False,fresh_evaluation,0.40000000000000013,1.0
sha256:be5dc872111f891437e2bb6da2b7c33bc83ae5ae7e702452435f7db717c571b2,migrate:ibm_sherbrooke,migrate,ibm_sherbrooke,0.2589342734902274,False,fresh_evaluation,0.40000000000000013,1.0
sha256:be5dc872111f891437e2bb6da2b7c33bc83ae5ae7e702452435f7db717c571b2,replay:ibm_kyiv,replay,ibm_kyiv,0.2496085556011739,False,fresh_evaluation,0.40000000000000013,1.0
sha256:bea92ea0c7a19609b71a5137d25c867e28dc0a442e2c1ba287139ab14db30387,migrate:ibm_brisbane,migrate,ibm_brisbane,0.18013980882018504,False,fresh_evaluation,0.40000000000000013,1.0
sha256:bea92ea0c7a19609b71a5137d25c867e28dc0a442e2c1ba287139ab14db30387,migrate:ibm_sherbrooke,migrate,ibm_sherbrooke,0.2587550381402768,False,fresh_evaluation,0.40000000000000013,1.0
sha256:c0a205424dd4974cd6f8301f52a2bd74819a7c3c02a9e2f6c3a1721081de6792,replay:ibm_kyiv,replay,ibm_kyiv,0.44165267388990925,True,fresh_evaluation,0.40000000000000013,1.0
sha256:c206cf6207c90ca340e8ca7c2ce6e9848027aaedf5116f805a3d3989a8bb8686,migrate:ibm_brisbane,migrate,ibm_brisbane,0.18042978636700602,False,fresh_evaluation,0.40000000000000013,1.0
sha256:c206cf6207c90ca340e8ca7c2ce6e9848027aaedf5116f805a3d3989a8bb8686,migrate:ibm_sherbrooke,migrate,ibm_sherbrooke,0.25913156712485164,False,fresh_evaluation,0.40000000000000013,1.0
sha256:c22ce54046e1aeb6e73e4ebc8e49daaf67f1c1485be988509056b57adb8e2f0a,replay:ibm_kyiv,replay,ibm_kyiv,0.44182102845525245,True,fresh_evaluation,0.40000000000000013,1.0
sha256:c26db1a9dfcf38066711611611865d55542376ca1b31d898fef5c811561da7af,migrate:ibm_brisbane,migrate,ibm_brisbane,0.17028808395022707,False,fresh_evaluation,0.40000000000000013,1.0
sha256:c26db1a9dfcf38066711611611865d55542376ca1b31d898fef5c811561da7af,migrate:ibm_sherbrooke,migrate,ibm_sherbrooke,0.24589338434365068,False,fresh_evaluation,0.40000000000000013,1.0
sha256:c498de21fe69c09b829aec9d9b2fc14679d068b076a0fd18fce720b2fc65eaf8,migrate:ibm_brisbane,migrate,ibm_brisbane,0.03549333663607346,False,fresh_evaluation,0.40000000000000013,1.0
sha256:c498de21fe69c09b829aec9d9b2fc14679d068b076a0fd18fce720b2fc65eaf8,replay:ibm_kyiv,replay,ibm_kyiv,0.11390396745918555,False,fresh_evaluation,0.40000000000000013,1.0
sha256:c8cb0bda2a8eadd9c0d28bdbdd5d460c8f3358d9b855dcad919ecf6eece4d4d6,replay:ibm_kyiv,replay,ibm_kyiv,0.4260879947896714,True,fresh_evaluation,0.40000000000000013,1.0
sha256:c94ba75ddc2ce008b00b3f90f48916823b78b938fa573f6899a332841fd9fa5d,migrate:ibm_brisbane,migrate,ibm_brisbane,0.03772580880833191,False,fresh_evaluation,0.40000000000000013,1.0
sha256:c94ba75ddc2ce008b00b3f90f48916823b78b938fa573f6899a332841fd9fa5d,replay:ibm_kyiv,replay,ibm_kyiv,0.12045241840220514,False,fresh_evaluation,0.40000000000000013,1.0
sha256:cb17c9a708dcdd0c1f83e33eb72b7f223208c7f23a9a8f9999d59e2b219e20fd,replay:ibm_kyiv,replay,ibm_kyiv,0.4274702572396223,True,fresh_evaluation,0.40000000000000013,1.0
sha256:cbf87e6f30c61a90de205461b6cc22762d1b804f88e1f4ba5d0c41ddfa751c5c,migrate:ibm_sherbrooke,migrate,ibm_sherbrooke,0.2592068047111686,False,fresh_evaluation,0.40000000000000013,1.0
sha256:cbf87e6f30c61a90de205461b6cc22762d1b804f88e1f4ba5d0c41ddfa751c5c,replay:ibm_kyiv,replay,ibm_kyiv,0.24987458099081428,False,fresh_evaluation,0.40000000000000013,1.0
sha256:cc4348df27223a75f4e0e29c553b1dba5f524a310a68f0b455e99e14473fb4a9,migrate:ibm_sherbrooke,migrate,ibm_sherbrooke,0.25911980314327676,False,fresh_evaluation,0.40000000000000013,1.0
sha256:cc4348df27223a75f4e0e29c553b1dba5f524a310a68f0b455e99e14473fb4a9,replay:ibm_kyiv,replay,ibm_kyiv,0.2497896555477451,False,fresh_evaluation,0.40000000000000013,1.0
sha256:cee6fc06763875f30bdf07866797969264a7bb6f54f52a59778f904f669d7ca8,replay:ibm_kyiv,replay,ibm_kyiv,0.4416945534774789,True,fresh_evaluation,0.40000000000000013,1.0
sha256:cf95b5ef5a2730c03782dbcc744e38a579ef44780684f39ae08fbb2d0255f578,migrate:ibm_brisbane,migrate,ibm_brisbane,0.037653913649344666,False,fresh_evaluation,0.40000000000000013,1.0
sha256:cf95b5ef5a2730c03782dbcc744e38a579ef44780684f39ae08fbb2d0255f578,replay:ibm_kyiv,replay,ibm_kyiv,0.12024256874092863,False,fresh_evaluation,0.40000000000000013,1.0
sha256:d03f6494f06a1ff417bf148e1b688c651e70ef92c839b5cd721ee4af0a2f6ce4,replay:ibm_kyiv,replay,ibm_kyiv,0.43168599243602807,True,fresh_evaluation,0.40000000000000013,1.0
sha256:d05067d5ad8eed875966149a55e91016a416889565fbdacfcc7145835ca34408,replay:ibm_kyiv,replay,ibm_kyiv,0.4416744781984834,True,fresh_evaluation,0.40000000000000013,1.0
sha256:d0a13295fc3c9e753ca8c3b7ee689abd55f2a890747141d0bafb33f2cf5f9e7c,replay:ibm_kyiv,replay,ibm_kyiv,0.4329116882949865,True,fresh_evaluation,0.40000000000000013,1.0
sha256:d0a5f99a852544c03ea809caa65553613f205c2cd93198147c135c041ec5e881,migrate:ibm_brisbane,migrate,ibm_brisbane,0.180259975722748,False,fresh_evaluation,0.40000000000000013,1.0
sha256:d0a5f99a852544c03ea809caa65553613f205c2cd93198147c135c041ec5e881,migrate:ibm_sherbrooke,migrate,ibm_sherbrooke,0.2589110861235333,False,fresh_evaluation,0.40000000000000013,1.0
sha256:d0a7648e6b6549abdac73e9c7a53367ec4342fa779b13d7e8ca0f428e286bc55,replay:ibm_kyiv,replay,ibm_kyiv,0.4418167404967962,True,fresh_evaluation,0.40000000000000013,1.0
sha256:d46e694b1daf257b836d8a5a17fa2453f43d2e427fe83e397a42ccd11e22aaae,migrate:ibm_brisbane,migrate,ibm_brisbane,0.03772578552601389,False,fresh_evaluation,0.40000000000000013,1.0
sha256:d46e694b1daf257b836d8a5a17fa2453f43d2e427fe83e397a42ccd11e22aaae,replay:ibm_kyiv,replay,ibm_kyiv,0.12045235045623466,False,fresh_evaluation,0.40000000000000013,1.0
sha256:d97d94895c77c41b1c0b66a6749f7678eb52e30d6ac4ac7a1849e3c9c8059335,migrate:ibm_sherbrooke,migrate,ibm_sherbrooke,0.25871260134940044,False,fresh_evaluation,0.40000000000000013,1.0
sha256:d97d94895c77c41b1c0b66a6749f7678eb52e30d6ac4ac7a1849e3c9c8059335,replay:ibm_kyiv,replay,ibm_kyiv,0.24939218038706037,False,fresh_evaluation,0.40000000000000013,1.0
sha256:df5a65bc8a3d4f216d3dc9390309935caac91273909f843871b939d258378b00,migrate:ibm_sherbrooke,migrate,ibm_sherbrooke,0.25900145104250333,False,fresh_evaluation,0.40000000000000013,1.0
sha256:df5a65bc8a3d4f216d3dc9390309935caac91273909f843871b939d258378b00,replay:ibm_kyiv,replay,ibm_kyiv,0.2496741288448625,False,fresh_evaluation,0.40000000000000013,1.0
sha256:dfc15c708602a188865403aafe5b6629e6777488db27ac8a49f41f1b41390a01,migrate:ibm_brisbane,migrate,ibm_brisbane,0.18042666323696088,False,fresh_evaluation,0.40000000000000013,1.0
sha256:dfc15c708602a188865403aafe5b6629e6777488db27ac8a49f41f1b41390a01,migrate:ibm_sherbrooke,migrate,ibm_sherbrooke,0.2591275124334941,False,fresh_evaluation,0.40000000000000013,1.0
sha256:e4d60ea1606e866cbd9009d0d8b60c1a0b943ed257bc2d3f7c3a9f1e31ac75ed,replay:ibm_kyiv,replay,ibm_kyiv,0.4417841055993944,True,fresh_evaluation,0.40000000000000013,1.0
sha256:e57e9ef8a0b42c27e661505aaddfb65639e5ab39baab121b70028e5b9619df6c,migrate:ibm_brisbane,migrate,ibm_brisbane,0.18037609347686132,False,fresh_evaluation,0.40000000000000013,1.0
sha256:e57e9ef8a0b42c27e661505aaddfb65639e5ab39baab121b70028e5b9619df6c,migrate:ibm_sherbrooke,migrate,ibm_sherbrooke,0.2590618569449717,False,fresh_evaluation,0.40000000000000013,1.0
sha256:e74067c7a2df2c0391450eb1e1e45282d5fb137800e5e53daaa04109846c47c4,replay:ibm_kyiv,replay,ibm_kyiv,0.44728168805896307,True,fresh_evaluation,0.40000000000000013,1.0
sha256:eabb34d655d13fa2bf14cc088344395d3a5085a833b880942fc366564156fbce,migrate:ibm_brisbane,migrate,ibm_brisbane,0.03767393518562464,False,fresh_evaluation,0.40000000000000013,1.0
sha256:eabb34d655d13fa2bf14cc088344395d3a5085a833b880942fc366564156fbce,replay:ibm_kyiv,replay,ibm_kyiv,0.12030101508676778,False,fresh_evaluation,0.40000000000000013,1.0
sha256:edd5dec0dafd59104474597f08e57b7fdc04fa768713a6138badca9a32b6ba4c,migrate:ibm_brisbane,migrate,ibm_brisbane,0.168045529149632,False,fresh_evaluation,0.40000000000000013,1.0
sha256:edd5dec0dafd59104474597f08e57b7fdc04fa768713a6138badca9a32b6ba4c,migrate:ibm_sherbrooke,migrate,ibm_sherbrooke,0.24294670727894863,False,fresh_evaluation,0.40000000000000013,1.0
sha256:f2349a90ae64080301d128cdec6705676072ff8351f045fe0687f36b6d37098f,migrate:ibm_sherbrooke,migrate,ibm_sherbrooke,0.24800596018753604,False,fresh_evaluation,0.40000000000000013,1.0
sha256:f2349a90ae64080301d128cdec6705676072ff8351f045fe0687f36b6d37098f,replay:ibm_kyiv,replay,ibm_kyiv,0.23894692547951313,False,fresh_evaluation,0.40000000000000013,1.0
sha256:f2eef5828bc4ea0a6fb5f33d76a25e5f509e5e84e94036e5c4d2e7a12e3349eb,replay:ibm_kyiv,replay,ibm_kyiv,0.4472502529143078,True,fresh_evaluation,0.40000000000000013,1.0
sha256:f44e60a5b7db10c292e4ccf11606045c634f23b17d3a9e2ec2cf14278a15d1e2,replay:ibm_kyiv,replay,ibm_kyiv,0.4418807450920629,True,fresh_evaluation,0.40000000000000013,1.0
sha256:f5b2b02aa8712c2c1acf4adaad83078b896960b68a0790f3d7fafe533dcd7fe7,migrate:ibm_sherbrooke,migrate,ibm_sherbrooke,0.24717485533717606,False,fresh_evaluation,0.40000000000000013,1.0
sha256:f5b2b02aa8712c2c1acf4adaad83078b896960b68a0790f3d7fafe533dcd7fe7,replay:ibm_kyiv,replay,ibm_kyiv,0.23813656517360043,False,fresh_evaluation,0.40000000000000013,1.0
sha256:f5d25b30dfdd2f0afa0ff43001ad603186edb9b6be12551414f4e771054ccf0c,replay:ibm_kyiv,replay,ibm_kyiv,0.4416528320417568,True,fresh_evaluation,0.40000000000000013,1.0
sha256:f7427a56573d69d5196dc9dc53dbae11b68a6c3a7d5ece987fc9d2b779e27ed4,migrate:ibm_sherbrooke,migrate,ibm_sherbrooke,0.25914421468996723,False,fresh_evaluation,0.40000000000000013,1.0
sha256:f7427a56573d69d5196dc9dc53dbae11b68a6c3a7d5ece987fc9d2b779e27ed4,replay:ibm_kyiv,replay,ibm_kyiv,0.24981348448741328,False,fresh_evaluation,0.40000000000000013,1.0
sha256:f746c082905019f7b44f9bd53c51172a9e9a4e43405e4cd3ff653554cad12606,migrate:ibm_brisbane,migrate,ibm_brisbane,0.1716492704387142,False,fresh_evaluation,0.40000000000000013,1.0
sha256:f746c082905019f7b44f9bd53c51172a9e9a4e43405e4cd3ff653554cad12606,migrate:ibm_sherbrooke,migrate,ibm_sherbrooke,0.24767851259021187,False,fresh_evaluation,0.40000000000000013,1.0
sha256:f772e6555a41a3e5f3bfdd84cf8ded951a0ad8c4311539fc96f1d533690422d8,replay:ibm_kyiv,replay,ibm_kyiv,0.44180035182841876,True,fresh_evaluation,0.40000000000000013,1.0
sha256:f97e7ed06f0804c006fc29b54536b8dfdf7ea153c25aa71251d03682bc91a853,replay:ibm_kyiv,replay,ibm_kyiv,0.44179162412165474,True,fresh_evaluation,0.40000000000000013,1.0
sha256:fa16f6b8676e37cdb60cd8d77576efc658325624428e01745a0cd5d2132afb58,migrate:ibm_brisbane,migrate,ibm_brisbane,0.035666987647808505,False,fresh_evaluation,0.40000000000000013,1.0
sha256:fa16f6b8676e37cdb60cd8d77576efc658325624428e01745a0cd5d2132afb58,replay:ibm_kyiv,replay,ibm_kyiv,0.11441573436564138,False,fresh_evaluation,0.40000000000000013,1.0
sha256:ff508acb2d0a68e7193bc6567a19ee1177a7e86962d48bb42ad554838965fef5,replay:ibm_kyiv,replay,ibm_kyiv,0.4471756286321902,True,fresh_evaluation,0.40000000000000013,1.0
sha256:ff7d5d26f2bfd2243ae4876294461e7e0d625801784bf89e6ba36dccccd5443b,migrate:ibm_sherbrooke,migrate,ibm_sherbrooke,0.24294670727894863,False,fresh_evaluation,0.40000000000000013,1.0
sha256:ff7d5d26f2bfd2243ae4876294461e7e0d625801784bf89e6ba36dccccd5443b,replay:ibm_kyiv,replay,ibm_kyiv,0.2340149654215499,False,fresh_evaluation,0.40000000000000013,1.0
