delay_weight,portability_weight,backend_change_weight,calibration_selected_threshold,selection_rule,is_current_weight_vector,policy,policy_label,scenario_count,coverage_numerator,coverage_denominator,coverage_rate,coverage_ci_low,coverage_ci_high,successful_coverage_numerator,successful_coverage_denominator,successful_coverage_rate,successful_coverage_ci_low,successful_coverage_ci_high,unsafe_numerator,unsafe_denominator,unsafe_rate,unsafe_ci_low,unsafe_ci_high,unsafe_exposure_numerator,unsafe_exposure_denominator,unsafe_exposure_rate,unsafe_exposure_ci_low,unsafe_exposure_ci_high,overblock_numerator,overblock_denominator,overblock_rate,overblock_ci_low,overblock_ci_high,replay_count,migration_count,block_count,successful_replay_count,successful_migration_count,unsafe_replay_count,unsafe_migration_count
0.0,0.0,1.0,0.0,"calibration-only maximize balanced accuracy, then unsafe specificity, then lower threshold; grid 0.00:0.05:1.00",False,resq,resq,160,128,160,0.8,0.7313149744396211,0.8546173084574759,63,160,0.39375,0.32138750702636276,0.4710948094475822,65,128,0.5078125,0.422247229254785,0.5929225058034415,65,160,0.40625,0.3332130472204216,0.48368311437423567,0,32,0.0,0.0,0.1071791982550706,128,0,32,63,0,65,0
0.0,0.1,0.9,0.05,"calibration-only maximize balanced accuracy, then unsafe specificity, then lower threshold; grid 0.00:0.05:1.00",False,resq,resq,160,96,160,0.6,0.522604836968219,0.67270592399748,63,160,0.39375,0.32138750702636276,0.4710948094475822,33,96,0.34375,0.2564039323896144,0.4431196888159093,33,160,0.20625,0.15080086366994006,0.27547377599331924,0,64,0.0,0.0,0.05662405979280534,96,0,64,63,0,33,0
0.0,0.2,0.8,0.05,"calibration-only maximize balanced accuracy, then unsafe specificity, then lower threshold; grid 0.00:0.05:1.00",False,resq,resq,160,64,160,0.4,0.3272940760025201,0.47739516303178114,63,160,0.39375,0.32138750702636276,0.4710948094475822,1,64,0.015625,0.002763541923337505,0.08334101600094265,1,160,0.00625,0.001104131769382205,0.03454898596247918,0,96,0.0,3.469446951953614e-18,0.038475587857675686,64,0,96,63,0,1,0
0.0,0.3,0.7,0.05,"calibration-only maximize balanced accuracy, then unsafe specificity, then lower threshold; grid 0.00:0.05:1.00",False,resq,resq,160,64,160,0.4,0.3272940760025201,0.47739516303178114,63,160,0.39375,0.32138750702636276,0.4710948094475822,1,64,0.015625,0.002763541923337505,0.08334101600094265,1,160,0.00625,0.001104131769382205,0.03454898596247918,0,96,0.0,3.469446951953614e-18,0.038475587857675686,64,0,96,63,0,1,0
0.0,0.4,0.6,0.05,"calibration-only maximize balanced accuracy, then unsafe specificity, then lower threshold; grid 0.00:0.05:1.00",False,resq,resq,160,64,160,0.4,0.3272940760025201,0.47739516303178114,63,160,0.39375,0.32138750702636276,0.4710948094475822,1,64,0.015625,0.002763541923337505,0.08334101600094265,1,160,0.00625,0.001104131769382205,0.03454898596247918,0,96,0.0,3.469446951953614e-18,0.038475587857675686,64,0,96,63,0,1,0
0.0,0.5,0.5,0.05,"calibration-only maximize balanced accuracy, then unsafe specificity, then lower threshold; grid 0.00:0.05:1.00",False,resq,resq,160,64,160,0.4,0.3272940760025201,0.47739516303178114,63,160,0.39375,0.32138750702636276,0.4710948094475822,1,64,0.015625,0.002763541923337505,0.08334101600094265,1,160,0.00625,0.001104131769382205,0.03454898596247918,0,96,0.0,3.469446951953614e-18,0.038475587857675686,64,0,96,63,0,1,0
0.0,0.6,0.4,0.05,"calibration-only maximize balanced accuracy, then unsafe specificity, then lower threshold; grid 0.00:0.05:1.00",False,resq,resq,160,64,160,0.4,0.3272940760025201,0.47739516303178114,63,160,0.39375,0.32138750702636276,0.4710948094475822,1,64,0.015625,0.002763541923337505,0.08334101600094265,1,160,0.00625,0.001104131769382205,0.03454898596247918,0,96,0.0,3.469446951953614e-18,0.038475587857675686,64,0,96,63,0,1,0
0.0,0.7,0.3,0.05,"calibration-only maximize balanced accuracy, then unsafe specificity, then lower threshold; grid 0.00:0.05:1.00",False,resq,resq,160,64,160,0.4,0.3272940760025201,0.47739516303178114,63,160,0.39375,0.32138750702636276,0.4710948094475822,1,64,0.015625,0.002763541923337505,0.08334101600094265,1,160,0.00625,0.001104131769382205,0.03454898596247918,0,96,0.0,3.469446951953614e-18,0.038475587857675686,64,0,96,63,0,1,0
0.0,0.8,0.2,0.05,"calibration-only maximize balanced accuracy, then unsafe specificity, then lower threshold; grid 0.00:0.05:1.00",False,resq,resq,160,64,160,0.4,0.3272940760025201,0.47739516303178114,63,160,0.39375,0.32138750702636276,0.4710948094475822,1,64,0.015625,0.002763541923337505,0.08334101600094265,1,160,0.00625,0.001104131769382205,0.03454898596247918,0,96,0.0,3.469446951953614e-18,0.038475587857675686,64,0,96,63,0,1,0
0.0,0.9,0.1,0.05,"calibration-only maximize balanced accuracy, then unsafe specificity, then lower threshold; grid 0.00:0.05:1.00",False,resq,resq,160,64,160,0.4,0.3272940760025201,0.47739516303178114,63,160,0.39375,0.32138750702636276,0.4710948094475822,1,64,0.015625,0.002763541923337505,0.08334101600094265,1,160,0.00625,0.001104131769382205,0.03454898596247918,0,96,0.0,3.469446951953614e-18,0.038475587857675686,64,0,96,63,0,1,0
0.0,1.0,0.0,0.05,"calibration-only maximize balanced accuracy, then unsafe specificity, then lower threshold; grid 0.00:0.05:1.00",False,resq,resq,160,64,160,0.4,0.3272940760025201,0.47739516303178114,63,160,0.39375,0.32138750702636276,0.4710948094475822,1,64,0.015625,0.002763541923337505,0.08334101600094265,1,160,0.00625,0.001104131769382205,0.03454898596247918,0,96,0.0,3.469446951953614e-18,0.038475587857675686,64,0,96,63,0,1,0
0.1,0.0,0.9,0.05,"calibration-only maximize balanced accuracy, then unsafe specificity, then lower threshold; grid 0.00:0.05:1.00",False,resq,resq,160,64,160,0.4,0.3272940760025201,0.47739516303178114,63,160,0.39375,0.32138750702636276,0.4710948094475822,1,64,0.015625,0.002763541923337505,0.08334101600094265,1,160,0.00625,0.001104131769382205,0.03454898596247918,0,96,0.0,3.469446951953614e-18,0.038475587857675686,64,0,96,63,0,1,0
0.1,0.1,0.8,0.05,"calibration-only maximize balanced accuracy, then unsafe specificity, then lower threshold; grid 0.00:0.05:1.00",False,resq,resq,160,64,160,0.4,0.3272940760025201,0.47739516303178114,63,160,0.39375,0.32138750702636276,0.4710948094475822,1,64,0.015625,0.002763541923337505,0.08334101600094265,1,160,0.00625,0.001104131769382205,0.03454898596247918,0,96,0.0,3.469446951953614e-18,0.038475587857675686,64,0,96,63,0,1,0
0.1,0.2,0.7,0.05,"calibration-only maximize balanced accuracy, then unsafe specificity, then lower threshold; grid 0.00:0.05:1.00",False,resq,resq,160,64,160,0.4,0.3272940760025201,0.47739516303178114,63,160,0.39375,0.32138750702636276,0.4710948094475822,1,64,0.015625,0.002763541923337505,0.08334101600094265,1,160,0.00625,0.001104131769382205,0.03454898596247918,0,96,0.0,3.469446951953614e-18,0.038475587857675686,64,0,96,63,0,1,0
0.1,0.3,0.6,0.05,"calibration-only maximize balanced accuracy, then unsafe specificity, then lower threshold; grid 0.00:0.05:1.00",False,resq,resq,160,64,160,0.4,0.3272940760025201,0.47739516303178114,63,160,0.39375,0.32138750702636276,0.4710948094475822,1,64,0.015625,0.002763541923337505,0.08334101600094265,1,160,0.00625,0.001104131769382205,0.03454898596247918,0,96,0.0,3.469446951953614e-18,0.038475587857675686,64,0,96,63,0,1,0
0.1,0.4,0.5,0.05,"calibration-only maximize balanced accuracy, then unsafe specificity, then lower threshold; grid 0.00:0.05:1.00",False,resq,resq,160,64,160,0.4,0.3272940760025201,0.47739516303178114,63,160,0.39375,0.32138750702636276,0.4710948094475822,1,64,0.015625,0.002763541923337505,0.08334101600094265,1,160,0.00625,0.001104131769382205,0.03454898596247918,0,96,0.0,3.469446951953614e-18,0.038475587857675686,64,0,96,63,0,1,0
0.1,0.5,0.4,0.05,"calibration-only maximize balanced accuracy, then unsafe specificity, then lower threshold; grid 0.00:0.05:1.00",False,resq,resq,160,64,160,0.4,0.3272940760025201,0.47739516303178114,63,160,0.39375,0.32138750702636276,0.4710948094475822,1,64,0.015625,0.002763541923337505,0.08334101600094265,1,160,0.00625,0.001104131769382205,0.03454898596247918,0,96,0.0,3.469446951953614e-18,0.038475587857675686,64,0,96,63,0,1,0
0.1,0.6,0.3,0.05,"calibration-only maximize balanced accuracy, then unsafe specificity, then lower threshold; grid 0.00:0.05:1.00",False,resq,resq,160,64,160,0.4,0.3272940760025201,0.47739516303178114,63,160,0.39375,0.32138750702636276,0.4710948094475822,1,64,0.015625,0.002763541923337505,0.08334101600094265,1,160,0.00625,0.001104131769382205,0.03454898596247918,0,96,0.0,3.469446951953614e-18,0.038475587857675686,64,0,96,63,0,1,0
0.1,0.7,0.2,0.05,"calibration-only maximize balanced accuracy, then unsafe specificity, then lower threshold; grid 0.00:0.05:1.00",False,resq,resq,160,64,160,0.4,0.3272940760025201,0.47739516303178114,63,160,0.39375,0.32138750702636276,0.4710948094475822,1,64,0.015625,0.002763541923337505,0.08334101600094265,1,160,0.00625,0.001104131769382205,0.03454898596247918,0,96,0.0,3.469446951953614e-18,0.038475587857675686,64,0,96,63,0,1,0
0.1,0.8,0.1,0.05,"calibration-only maximize balanced accuracy, then unsafe specificity, then lower threshold; grid 0.00:0.05:1.00",False,resq,resq,160,64,160,0.4,0.3272940760025201,0.47739516303178114,63,160,0.39375,0.32138750702636276,0.4710948094475822,1,64,0.015625,0.002763541923337505,0.08334101600094265,1,160,0.00625,0.001104131769382205,0.03454898596247918,0,96,0.0,3.469446951953614e-18,0.038475587857675686,64,0,96,63,0,1,0
0.1,0.9,0.0,0.05,"calibration-only maximize balanced accuracy, then unsafe specificity, then lower threshold; grid 0.00:0.05:1.00",False,resq,resq,160,64,160,0.4,0.3272940760025201,0.47739516303178114,63,160,0.39375,0.32138750702636276,0.4710948094475822,1,64,0.015625,0.002763541923337505,0.08334101600094265,1,160,0.00625,0.001104131769382205,0.03454898596247918,0,96,0.0,3.469446951953614e-18,0.038475587857675686,64,0,96,63,0,1,0
0.2,0.0,0.8,0.05,"calibration-only maximize balanced accuracy, then unsafe specificity, then lower threshold; grid 0.00:0.05:1.00",False,resq,resq,160,64,160,0.4,0.3272940760025201,0.47739516303178114,63,160,0.39375,0.32138750702636276,0.4710948094475822,1,64,0.015625,0.002763541923337505,0.08334101600094265,1,160,0.00625,0.001104131769382205,0.03454898596247918,0,96,0.0,3.469446951953614e-18,0.038475587857675686,64,0,96,63,0,1,0
0.2,0.1,0.7,0.05,"calibration-only maximize balanced accuracy, then unsafe specificity, then lower threshold; grid 0.00:0.05:1.00",False,resq,resq,160,64,160,0.4,0.3272940760025201,0.47739516303178114,63,160,0.39375,0.32138750702636276,0.4710948094475822,1,64,0.015625,0.002763541923337505,0.08334101600094265,1,160,0.00625,0.001104131769382205,0.03454898596247918,0,96,0.0,3.469446951953614e-18,0.038475587857675686,64,0,96,63,0,1,0
0.2,0.2,0.6,0.05,"calibration-only maximize balanced accuracy, then unsafe specificity, then lower threshold; grid 0.00:0.05:1.00",False,resq,resq,160,64,160,0.4,0.3272940760025201,0.47739516303178114,63,160,0.39375,0.32138750702636276,0.4710948094475822,1,64,0.015625,0.002763541923337505,0.08334101600094265,1,160,0.00625,0.001104131769382205,0.03454898596247918,0,96,0.0,3.469446951953614e-18,0.038475587857675686,64,0,96,63,0,1,0
0.2,0.3,0.5,0.05,"calibration-only maximize balanced accuracy, then unsafe specificity, then lower threshold; grid 0.00:0.05:1.00",False,resq,resq,160,64,160,0.4,0.3272940760025201,0.47739516303178114,63,160,0.39375,0.32138750702636276,0.4710948094475822,1,64,0.015625,0.002763541923337505,0.08334101600094265,1,160,0.00625,0.001104131769382205,0.03454898596247918,0,96,0.0,3.469446951953614e-18,0.038475587857675686,64,0,96,63,0,1,0
0.2,0.4,0.4,0.05,"calibration-only maximize balanced accuracy, then unsafe specificity, then lower threshold; grid 0.00:0.05:1.00",False,resq,resq,160,64,160,0.4,0.3272940760025201,0.47739516303178114,63,160,0.39375,0.32138750702636276,0.4710948094475822,1,64,0.015625,0.002763541923337505,0.08334101600094265,1,160,0.00625,0.001104131769382205,0.03454898596247918,0,96,0.0,3.469446951953614e-18,0.038475587857675686,64,0,96,63,0,1,0
0.2,0.5,0.3,0.05,"calibration-only maximize balanced accuracy, then unsafe specificity, then lower threshold; grid 0.00:0.05:1.00",False,resq,resq,160,64,160,0.4,0.3272940760025201,0.47739516303178114,63,160,0.39375,0.32138750702636276,0.4710948094475822,1,64,0.015625,0.002763541923337505,0.08334101600094265,1,160,0.00625,0.001104131769382205,0.03454898596247918,0,96,0.0,3.469446951953614e-18,0.038475587857675686,64,0,96,63,0,1,0
0.2,0.6,0.2,0.05,"calibration-only maximize balanced accuracy, then unsafe specificity, then lower threshold; grid 0.00:0.05:1.00",False,resq,resq,160,64,160,0.4,0.3272940760025201,0.47739516303178114,63,160,0.39375,0.32138750702636276,0.4710948094475822,1,64,0.015625,0.002763541923337505,0.08334101600094265,1,160,0.00625,0.001104131769382205,0.03454898596247918,0,96,0.0,3.469446951953614e-18,0.038475587857675686,64,0,96,63,0,1,0
0.2,0.7,0.1,0.05,"calibration-only maximize balanced accuracy, then unsafe specificity, then lower threshold; grid 0.00:0.05:1.00",False,resq,resq,160,64,160,0.4,0.3272940760025201,0.47739516303178114,63,160,0.39375,0.32138750702636276,0.4710948094475822,1,64,0.015625,0.002763541923337505,0.08334101600094265,1,160,0.00625,0.001104131769382205,0.03454898596247918,0,96,0.0,3.469446951953614e-18,0.038475587857675686,64,0,96,63,0,1,0
0.2,0.8,0.0,0.05,"calibration-only maximize balanced accuracy, then unsafe specificity, then lower threshold; grid 0.00:0.05:1.00",False,resq,resq,160,64,160,0.4,0.3272940760025201,0.47739516303178114,63,160,0.39375,0.32138750702636276,0.4710948094475822,1,64,0.015625,0.002763541923337505,0.08334101600094265,1,160,0.00625,0.001104131769382205,0.03454898596247918,0,96,0.0,3.469446951953614e-18,0.038475587857675686,64,0,96,63,0,1,0
0.3,0.0,0.7,0.05,"calibration-only maximize balanced accuracy, then unsafe specificity, then lower threshold; grid 0.00:0.05:1.00",False,resq,resq,160,64,160,0.4,0.3272940760025201,0.47739516303178114,63,160,0.39375,0.32138750702636276,0.4710948094475822,1,64,0.015625,0.002763541923337505,0.08334101600094265,1,160,0.00625,0.001104131769382205,0.03454898596247918,0,96,0.0,3.469446951953614e-18,0.038475587857675686,64,0,96,63,0,1,0
0.3,0.1,0.6,0.05,"calibration-only maximize balanced accuracy, then unsafe specificity, then lower threshold; grid 0.00:0.05:1.00",False,resq,resq,160,64,160,0.4,0.3272940760025201,0.47739516303178114,63,160,0.39375,0.32138750702636276,0.4710948094475822,1,64,0.015625,0.002763541923337505,0.08334101600094265,1,160,0.00625,0.001104131769382205,0.03454898596247918,0,96,0.0,3.469446951953614e-18,0.038475587857675686,64,0,96,63,0,1,0
0.3,0.2,0.5,0.05,"calibration-only maximize balanced accuracy, then unsafe specificity, then lower threshold; grid 0.00:0.05:1.00",False,resq,resq,160,64,160,0.4,0.3272940760025201,0.47739516303178114,63,160,0.39375,0.32138750702636276,0.4710948094475822,1,64,0.015625,0.002763541923337505,0.08334101600094265,1,160,0.00625,0.001104131769382205,0.03454898596247918,0,96,0.0,3.469446951953614e-18,0.038475587857675686,64,0,96,63,0,1,0
0.3,0.3,0.4,0.05,"calibration-only maximize balanced accuracy, then unsafe specificity, then lower threshold; grid 0.00:0.05:1.00",False,resq,resq,160,64,160,0.4,0.3272940760025201,0.47739516303178114,63,160,0.39375,0.32138750702636276,0.4710948094475822,1,64,0.015625,0.002763541923337505,0.08334101600094265,1,160,0.00625,0.001104131769382205,0.03454898596247918,0,96,0.0,3.469446951953614e-18,0.038475587857675686,64,0,96,63,0,1,0
0.3,0.4,0.3,0.05,"calibration-only maximize balanced accuracy, then unsafe specificity, then lower threshold; grid 0.00:0.05:1.00",False,resq,resq,160,64,160,0.4,0.3272940760025201,0.47739516303178114,63,160,0.39375,0.32138750702636276,0.4710948094475822,1,64,0.015625,0.002763541923337505,0.08334101600094265,1,160,0.00625,0.001104131769382205,0.03454898596247918,0,96,0.0,3.469446951953614e-18,0.038475587857675686,64,0,96,63,0,1,0
0.3,0.5,0.2,0.05,"calibration-only maximize balanced accuracy, then unsafe specificity, then lower threshold; grid 0.00:0.05:1.00",False,resq,resq,160,64,160,0.4,0.3272940760025201,0.47739516303178114,63,160,0.39375,0.32138750702636276,0.4710948094475822,1,64,0.015625,0.002763541923337505,0.08334101600094265,1,160,0.00625,0.001104131769382205,0.03454898596247918,0,96,0.0,3.469446951953614e-18,0.038475587857675686,64,0,96,63,0,1,0
0.3,0.6,0.1,0.05,"calibration-only maximize balanced accuracy, then unsafe specificity, then lower threshold; grid 0.00:0.05:1.00",False,resq,resq,160,64,160,0.4,0.3272940760025201,0.47739516303178114,63,160,0.39375,0.32138750702636276,0.4710948094475822,1,64,0.015625,0.002763541923337505,0.08334101600094265,1,160,0.00625,0.001104131769382205,0.03454898596247918,0,96,0.0,3.469446951953614e-18,0.038475587857675686,64,0,96,63,0,1,0
0.3,0.7,0.0,0.05,"calibration-only maximize balanced accuracy, then unsafe specificity, then lower threshold; grid 0.00:0.05:1.00",False,resq,resq,160,128,160,0.8,0.7313149744396211,0.8546173084574759,63,160,0.39375,0.32138750702636276,0.4710948094475822,65,128,0.5078125,0.422247229254785,0.5929225058034415,65,160,0.40625,0.3332130472204216,0.48368311437423567,0,32,0.0,0.0,0.1071791982550706,64,64,32,63,0,1,64
0.4,0.0,0.6,0.05,"calibration-only maximize balanced accuracy, then unsafe specificity, then lower threshold; grid 0.00:0.05:1.00",False,resq,resq,160,64,160,0.4,0.3272940760025201,0.47739516303178114,63,160,0.39375,0.32138750702636276,0.4710948094475822,1,64,0.015625,0.002763541923337505,0.08334101600094265,1,160,0.00625,0.001104131769382205,0.03454898596247918,0,96,0.0,3.469446951953614e-18,0.038475587857675686,64,0,96,63,0,1,0
0.4,0.1,0.5,0.05,"calibration-only maximize balanced accuracy, then unsafe specificity, then lower threshold; grid 0.00:0.05:1.00",False,resq,resq,160,64,160,0.4,0.3272940760025201,0.47739516303178114,63,160,0.39375,0.32138750702636276,0.4710948094475822,1,64,0.015625,0.002763541923337505,0.08334101600094265,1,160,0.00625,0.001104131769382205,0.03454898596247918,0,96,0.0,3.469446951953614e-18,0.038475587857675686,64,0,96,63,0,1,0
0.4,0.2,0.4,0.05,"calibration-only maximize balanced accuracy, then unsafe specificity, then lower threshold; grid 0.00:0.05:1.00",False,resq,resq,160,64,160,0.4,0.3272940760025201,0.47739516303178114,63,160,0.39375,0.32138750702636276,0.4710948094475822,1,64,0.015625,0.002763541923337505,0.08334101600094265,1,160,0.00625,0.001104131769382205,0.03454898596247918,0,96,0.0,3.469446951953614e-18,0.038475587857675686,64,0,96,63,0,1,0
0.4,0.3,0.3,0.05,"calibration-only maximize balanced accuracy, then unsafe specificity, then lower threshold; grid 0.00:0.05:1.00",False,resq,resq,160,64,160,0.4,0.3272940760025201,0.47739516303178114,63,160,0.39375,0.32138750702636276,0.4710948094475822,1,64,0.015625,0.002763541923337505,0.08334101600094265,1,160,0.00625,0.001104131769382205,0.03454898596247918,0,96,0.0,3.469446951953614e-18,0.038475587857675686,64,0,96,63,0,1,0
0.4,0.4,0.2,0.05,"calibration-only maximize balanced accuracy, then unsafe specificity, then lower threshold; grid 0.00:0.05:1.00",False,resq,resq,160,64,160,0.4,0.3272940760025201,0.47739516303178114,63,160,0.39375,0.32138750702636276,0.4710948094475822,1,64,0.015625,0.002763541923337505,0.08334101600094265,1,160,0.00625,0.001104131769382205,0.03454898596247918,0,96,0.0,3.469446951953614e-18,0.038475587857675686,64,0,96,63,0,1,0
0.4,0.5,0.1,0.05,"calibration-only maximize balanced accuracy, then unsafe specificity, then lower threshold; grid 0.00:0.05:1.00",False,resq,resq,160,64,160,0.4,0.3272940760025201,0.47739516303178114,63,160,0.39375,0.32138750702636276,0.4710948094475822,1,64,0.015625,0.002763541923337505,0.08334101600094265,1,160,0.00625,0.001104131769382205,0.03454898596247918,0,96,0.0,3.469446951953614e-18,0.038475587857675686,64,0,96,63,0,1,0
0.4,0.6,0.0,0.05,"calibration-only maximize balanced accuracy, then unsafe specificity, then lower threshold; grid 0.00:0.05:1.00",False,resq,resq,160,128,160,0.8,0.7313149744396211,0.8546173084574759,63,160,0.39375,0.32138750702636276,0.4710948094475822,65,128,0.5078125,0.422247229254785,0.5929225058034415,65,160,0.40625,0.3332130472204216,0.48368311437423567,0,32,0.0,0.0,0.1071791982550706,64,64,32,63,0,1,64
0.5,0.0,0.5,0.05,"calibration-only maximize balanced accuracy, then unsafe specificity, then lower threshold; grid 0.00:0.05:1.00",False,resq,resq,160,64,160,0.4,0.3272940760025201,0.47739516303178114,63,160,0.39375,0.32138750702636276,0.4710948094475822,1,64,0.015625,0.002763541923337505,0.08334101600094265,1,160,0.00625,0.001104131769382205,0.03454898596247918,0,96,0.0,3.469446951953614e-18,0.038475587857675686,64,0,96,63,0,1,0
0.5,0.1,0.4,0.05,"calibration-only maximize balanced accuracy, then unsafe specificity, then lower threshold; grid 0.00:0.05:1.00",False,resq,resq,160,64,160,0.4,0.3272940760025201,0.47739516303178114,63,160,0.39375,0.32138750702636276,0.4710948094475822,1,64,0.015625,0.002763541923337505,0.08334101600094265,1,160,0.00625,0.001104131769382205,0.03454898596247918,0,96,0.0,3.469446951953614e-18,0.038475587857675686,64,0,96,63,0,1,0
0.5,0.2,0.3,0.05,"calibration-only maximize balanced accuracy, then unsafe specificity, then lower threshold; grid 0.00:0.05:1.00",False,resq,resq,160,64,160,0.4,0.3272940760025201,0.47739516303178114,63,160,0.39375,0.32138750702636276,0.4710948094475822,1,64,0.015625,0.002763541923337505,0.08334101600094265,1,160,0.00625,0.001104131769382205,0.03454898596247918,0,96,0.0,3.469446951953614e-18,0.038475587857675686,64,0,96,63,0,1,0
0.5,0.3,0.2,0.05,"calibration-only maximize balanced accuracy, then unsafe specificity, then lower threshold; grid 0.00:0.05:1.00",False,resq,resq,160,64,160,0.4,0.3272940760025201,0.47739516303178114,63,160,0.39375,0.32138750702636276,0.4710948094475822,1,64,0.015625,0.002763541923337505,0.08334101600094265,1,160,0.00625,0.001104131769382205,0.03454898596247918,0,96,0.0,3.469446951953614e-18,0.038475587857675686,64,0,96,63,0,1,0
0.5,0.4,0.1,0.05,"calibration-only maximize balanced accuracy, then unsafe specificity, then lower threshold; grid 0.00:0.05:1.00",False,resq,resq,160,64,160,0.4,0.3272940760025201,0.47739516303178114,63,160,0.39375,0.32138750702636276,0.4710948094475822,1,64,0.015625,0.002763541923337505,0.08334101600094265,1,160,0.00625,0.001104131769382205,0.03454898596247918,0,96,0.0,3.469446951953614e-18,0.038475587857675686,64,0,96,63,0,1,0
0.5,0.5,0.0,0.05,"calibration-only maximize balanced accuracy, then unsafe specificity, then lower threshold; grid 0.00:0.05:1.00",False,resq,resq,160,128,160,0.8,0.7313149744396211,0.8546173084574759,63,160,0.39375,0.32138750702636276,0.4710948094475822,65,128,0.5078125,0.422247229254785,0.5929225058034415,65,160,0.40625,0.3332130472204216,0.48368311437423567,0,32,0.0,0.0,0.1071791982550706,64,64,32,63,0,1,64
0.55,0.35,0.1,0.05,"calibration-only maximize balanced accuracy, then unsafe specificity, then lower threshold; grid 0.00:0.05:1.00",True,resq,resq,160,64,160,0.4,0.3272940760025201,0.47739516303178114,63,160,0.39375,0.32138750702636276,0.4710948094475822,1,64,0.015625,0.002763541923337505,0.08334101600094265,1,160,0.00625,0.001104131769382205,0.03454898596247918,0,96,0.0,3.469446951953614e-18,0.038475587857675686,64,0,96,63,0,1,0
0.6,0.0,0.4,0.05,"calibration-only maximize balanced accuracy, then unsafe specificity, then lower threshold; grid 0.00:0.05:1.00",False,resq,resq,160,64,160,0.4,0.3272940760025201,0.47739516303178114,63,160,0.39375,0.32138750702636276,0.4710948094475822,1,64,0.015625,0.002763541923337505,0.08334101600094265,1,160,0.00625,0.001104131769382205,0.03454898596247918,0,96,0.0,3.469446951953614e-18,0.038475587857675686,64,0,96,63,0,1,0
0.6,0.1,0.3,0.05,"calibration-only maximize balanced accuracy, then unsafe specificity, then lower threshold; grid 0.00:0.05:1.00",False,resq,resq,160,64,160,0.4,0.3272940760025201,0.47739516303178114,63,160,0.39375,0.32138750702636276,0.4710948094475822,1,64,0.015625,0.002763541923337505,0.08334101600094265,1,160,0.00625,0.001104131769382205,0.03454898596247918,0,96,0.0,3.469446951953614e-18,0.038475587857675686,64,0,96,63,0,1,0
0.6,0.2,0.2,0.05,"calibration-only maximize balanced accuracy, then unsafe specificity, then lower threshold; grid 0.00:0.05:1.00",False,resq,resq,160,64,160,0.4,0.3272940760025201,0.47739516303178114,63,160,0.39375,0.32138750702636276,0.4710948094475822,1,64,0.015625,0.002763541923337505,0.08334101600094265,1,160,0.00625,0.001104131769382205,0.03454898596247918,0,96,0.0,3.469446951953614e-18,0.038475587857675686,64,0,96,63,0,1,0
0.6,0.3,0.1,0.05,"calibration-only maximize balanced accuracy, then unsafe specificity, then lower threshold; grid 0.00:0.05:1.00",False,resq,resq,160,64,160,0.4,0.3272940760025201,0.47739516303178114,63,160,0.39375,0.32138750702636276,0.4710948094475822,1,64,0.015625,0.002763541923337505,0.08334101600094265,1,160,0.00625,0.001104131769382205,0.03454898596247918,0,96,0.0,3.469446951953614e-18,0.038475587857675686,64,0,96,63,0,1,0
0.6,0.4,0.0,0.05,"calibration-only maximize balanced accuracy, then unsafe specificity, then lower threshold; grid 0.00:0.05:1.00",False,resq,resq,160,128,160,0.8,0.7313149744396211,0.8546173084574759,63,160,0.39375,0.32138750702636276,0.4710948094475822,65,128,0.5078125,0.422247229254785,0.5929225058034415,65,160,0.40625,0.3332130472204216,0.48368311437423567,0,32,0.0,0.0,0.1071791982550706,64,64,32,63,0,1,64
0.7,0.0,0.3,0.05,"calibration-only maximize balanced accuracy, then unsafe specificity, then lower threshold; grid 0.00:0.05:1.00",False,resq,resq,160,64,160,0.4,0.3272940760025201,0.47739516303178114,63,160,0.39375,0.32138750702636276,0.4710948094475822,1,64,0.015625,0.002763541923337505,0.08334101600094265,1,160,0.00625,0.001104131769382205,0.03454898596247918,0,96,0.0,3.469446951953614e-18,0.038475587857675686,64,0,96,63,0,1,0
0.7,0.1,0.2,0.05,"calibration-only maximize balanced accuracy, then unsafe specificity, then lower threshold; grid 0.00:0.05:1.00",False,resq,resq,160,64,160,0.4,0.3272940760025201,0.47739516303178114,63,160,0.39375,0.32138750702636276,0.4710948094475822,1,64,0.015625,0.002763541923337505,0.08334101600094265,1,160,0.00625,0.001104131769382205,0.03454898596247918,0,96,0.0,3.469446951953614e-18,0.038475587857675686,64,0,96,63,0,1,0
0.7,0.2,0.1,0.05,"calibration-only maximize balanced accuracy, then unsafe specificity, then lower threshold; grid 0.00:0.05:1.00",False,resq,resq,160,64,160,0.4,0.3272940760025201,0.47739516303178114,63,160,0.39375,0.32138750702636276,0.4710948094475822,1,64,0.015625,0.002763541923337505,0.08334101600094265,1,160,0.00625,0.001104131769382205,0.03454898596247918,0,96,0.0,3.469446951953614e-18,0.038475587857675686,64,0,96,63,0,1,0
0.7,0.3,0.0,0.05,"calibration-only maximize balanced accuracy, then unsafe specificity, then lower threshold; grid 0.00:0.05:1.00",False,resq,resq,160,128,160,0.8,0.7313149744396211,0.8546173084574759,63,160,0.39375,0.32138750702636276,0.4710948094475822,65,128,0.5078125,0.422247229254785,0.5929225058034415,65,160,0.40625,0.3332130472204216,0.48368311437423567,0,32,0.0,0.0,0.1071791982550706,64,64,32,63,0,1,64
0.8,0.0,0.2,0.05,"calibration-only maximize balanced accuracy, then unsafe specificity, then lower threshold; grid 0.00:0.05:1.00",False,resq,resq,160,64,160,0.4,0.3272940760025201,0.47739516303178114,63,160,0.39375,0.32138750702636276,0.4710948094475822,1,64,0.015625,0.002763541923337505,0.08334101600094265,1,160,0.00625,0.001104131769382205,0.03454898596247918,0,96,0.0,3.469446951953614e-18,0.038475587857675686,64,0,96,63,0,1,0
0.8,0.1,0.1,0.05,"calibration-only maximize balanced accuracy, then unsafe specificity, then lower threshold; grid 0.00:0.05:1.00",False,resq,resq,160,64,160,0.4,0.3272940760025201,0.47739516303178114,63,160,0.39375,0.32138750702636276,0.4710948094475822,1,64,0.015625,0.002763541923337505,0.08334101600094265,1,160,0.00625,0.001104131769382205,0.03454898596247918,0,96,0.0,3.469446951953614e-18,0.038475587857675686,64,0,96,63,0,1,0
0.8,0.2,0.0,0.0,"calibration-only maximize balanced accuracy, then unsafe specificity, then lower threshold; grid 0.00:0.05:1.00",False,resq,resq,160,32,160,0.2,0.14538269154252415,0.268685025560379,32,160,0.2,0.14538269154252415,0.268685025560379,0,32,0.0,0.0,0.1071791982550706,0,160,0.0,0.0,0.02344619517150519,31,128,0.2421875,0.17618737999242146,0.3232113630861063,32,0,128,32,0,0,0
0.9,0.0,0.1,0.05,"calibration-only maximize balanced accuracy, then unsafe specificity, then lower threshold; grid 0.00:0.05:1.00",False,resq,resq,160,64,160,0.4,0.3272940760025201,0.47739516303178114,63,160,0.39375,0.32138750702636276,0.4710948094475822,1,64,0.015625,0.002763541923337505,0.08334101600094265,1,160,0.00625,0.001104131769382205,0.03454898596247918,0,96,0.0,3.469446951953614e-18,0.038475587857675686,64,0,96,63,0,1,0
0.9,0.1,0.0,0.0,"calibration-only maximize balanced accuracy, then unsafe specificity, then lower threshold; grid 0.00:0.05:1.00",False,resq,resq,160,32,160,0.2,0.14538269154252415,0.268685025560379,32,160,0.2,0.14538269154252415,0.268685025560379,0,32,0.0,0.0,0.1071791982550706,0,160,0.0,0.0,0.02344619517150519,31,128,0.2421875,0.17618737999242146,0.3232113630861063,32,0,128,32,0,0,0
1.0,0.0,0.0,0.05,"calibration-only maximize balanced accuracy, then unsafe specificity, then lower threshold; grid 0.00:0.05:1.00",False,resq,resq,160,128,160,0.8,0.7313149744396211,0.8546173084574759,63,160,0.39375,0.32138750702636276,0.4710948094475822,65,128,0.5078125,0.422247229254785,0.5929225058034415,65,160,0.40625,0.3332130472204216,0.48368311437423567,0,32,0.0,0.0,0.1071791982550706,64,64,32,63,0,1,64
