left_policy,right_policy,metric,estimate_left_minus_right,ci_low,ci_high,bootstrap_valid_replicates,bootstrap_replicates,resampling_unit,seed
resq_tau_0_15,blind_replay,coverage,0.0,-0.09999999999999998,0.09999999999999998,10000,10000,scenario_id,20271007
resq_tau_0_15,blind_replay,successful_coverage,0.0,0.0,0.0,10000,10000,scenario_id,20271007
resq_tau_0_15,blind_replay,unsafe_exposure,0.0,-0.09999999999999998,0.09999999999999998,10000,10000,scenario_id,20271007
resq_tau_0_15,blind_replay,unsafe_rate,0.0,-0.06108580867968217,0.061205313180746596,10000,10000,scenario_id,20271007
resq_tau_0_15,blind_replay,overblock_rate,0.0,0.0,0.0,10000,10000,scenario_id,20271007
resq_tau_0_15,replay_then_migrate,coverage,-0.19999999999999996,-0.26249999999999996,-0.13749999999999996,10000,10000,scenario_id,20271007
resq_tau_0_15,replay_then_migrate,successful_coverage,0.0,0.0,0.0,10000,10000,scenario_id,20271007
resq_tau_0_15,replay_then_migrate,unsafe_exposure,-0.19999999999999996,-0.2625,-0.13750000000000007,10000,10000,scenario_id,20271007
resq_tau_0_15,replay_then_migrate,unsafe_rate,-0.09843749999999996,-0.13698347107438014,-0.06575913506012956,10000,10000,scenario_id,20271007
resq_tau_0_15,replay_then_migrate,overblock_rate,,,,0,10000,scenario_id,20271007
resq_tau_0_15,always_block,coverage,0.8,0.7375,0.8625,10000,10000,scenario_id,20271007
resq_tau_0_15,always_block,successful_coverage,0.39375,0.31875,0.46875,10000,10000,scenario_id,20271007
resq_tau_0_15,always_block,unsafe_exposure,0.40625,0.33125,0.48125,10000,10000,scenario_id,20271007
resq_tau_0_15,always_block,unsafe_rate,,,,0,10000,scenario_id,20271007
resq_tau_0_15,always_block,overblock_rate,-0.39375,-0.46875,-0.31875,10000,10000,scenario_id,20271007
resq_tau_0_15,learned_logistic,coverage,0.4,0.32499999999999996,0.47500000000000003,10000,10000,scenario_id,20271007
resq_tau_0_15,learned_logistic,successful_coverage,0.0,0.0,0.0,10000,10000,scenario_id,20271007
resq_tau_0_15,learned_logistic,unsafe_exposure,0.4,0.325,0.47500000000000003,10000,10000,scenario_id,20271007
resq_tau_0_15,learned_logistic,unsafe_rate,0.4921875,0.40565691616322236,0.5813953488372093,10000,10000,scenario_id,20271007
resq_tau_0_15,learned_logistic,overblock_rate,0.0,0.0,0.0,10000,10000,scenario_id,20271007
resq_tau_0_15,oracle,coverage,0.40625000000000006,0.33125,0.48125,10000,10000,scenario_id,20271007
resq_tau_0_15,oracle,successful_coverage,0.0,0.0,0.0,10000,10000,scenario_id,20271007
resq_tau_0_15,oracle,unsafe_exposure,0.40625,0.33125,0.48125,10000,10000,scenario_id,20271007
resq_tau_0_15,oracle,unsafe_rate,0.5078125,0.4198473282442748,0.5952426390403489,10000,10000,scenario_id,20271007
resq_tau_0_15,oracle,overblock_rate,0.0,0.0,0.0,10000,10000,scenario_id,20271007
resq_tau_0_05,blind_replay,coverage,-0.4,-0.47500000000000003,-0.325,10000,10000,scenario_id,20271007
resq_tau_0_05,blind_replay,successful_coverage,0.0,0.0,0.0,10000,10000,scenario_id,20271007
resq_tau_0_05,blind_replay,unsafe_exposure,-0.4,-0.47500000000000003,-0.325,10000,10000,scenario_id,20271007
resq_tau_0_05,blind_replay,unsafe_rate,-0.4921875,-0.5806451612903226,-0.40600606686845275,10000,10000,scenario_id,20271007
resq_tau_0_05,blind_replay,overblock_rate,0.0,0.0,0.0,10000,10000,scenario_id,20271007
resq_tau_0_05,replay_then_migrate,coverage,-0.6,-0.675,-0.525,10000,10000,scenario_id,20271007
resq_tau_0_05,replay_then_migrate,successful_coverage,0.0,0.0,0.0,10000,10000,scenario_id,20271007
resq_tau_0_05,replay_then_migrate,unsafe_exposure,-0.6,-0.675,-0.5249999999999999,10000,10000,scenario_id,20271007
resq_tau_0_05,replay_then_migrate,unsafe_rate,-0.590625,-0.66875,-0.512012987012987,10000,10000,scenario_id,20271007
resq_tau_0_05,replay_then_migrate,overblock_rate,,,,0,10000,scenario_id,20271007
resq_tau_0_05,always_block,coverage,0.4,0.325,0.475,10000,10000,scenario_id,20271007
resq_tau_0_05,always_block,successful_coverage,0.39375,0.31875,0.46875,10000,10000,scenario_id,20271007
resq_tau_0_05,always_block,unsafe_exposure,0.00625,0.0,0.01875,10000,10000,scenario_id,20271007
resq_tau_0_05,always_block,unsafe_rate,,,,0,10000,scenario_id,20271007
resq_tau_0_05,always_block,overblock_rate,-0.39375,-0.46875,-0.31875,10000,10000,scenario_id,20271007
resq_tau_0_05,learned_logistic,coverage,0.0,0.0,0.0,10000,10000,scenario_id,20271007
resq_tau_0_05,learned_logistic,successful_coverage,0.0,0.0,0.0,10000,10000,scenario_id,20271007
resq_tau_0_05,learned_logistic,unsafe_exposure,0.0,0.0,0.0,10000,10000,scenario_id,20271007
resq_tau_0_05,learned_logistic,unsafe_rate,0.0,0.0,0.0,10000,10000,scenario_id,20271007
resq_tau_0_05,learned_logistic,overblock_rate,0.0,0.0,0.0,10000,10000,scenario_id,20271007
resq_tau_0_05,oracle,coverage,0.006250000000000033,0.0,0.018750000000000044,10000,10000,scenario_id,20271007
resq_tau_0_05,oracle,successful_coverage,0.0,0.0,0.0,10000,10000,scenario_id,20271007
resq_tau_0_05,oracle,unsafe_exposure,0.00625,0.0,0.01875,10000,10000,scenario_id,20271007
resq_tau_0_05,oracle,unsafe_rate,0.015625,0.0,0.05357142857142857,10000,10000,scenario_id,20271007
resq_tau_0_05,oracle,overblock_rate,0.0,0.0,0.0,10000,10000,scenario_id,20271007
