run_id,workload_name,workload_variant,setting,evaluation_question,seed,hardware_window,boundary,scenario,baseline_or_ablation,save_backend,restore_backend,restore_backend_pair,delay,cadence,budget_B,artifact_presence,restore_decision,success,stable_continuation,unsafe_restore,over_conservative_block,timestamp_start,timestamp_end,software_version,git_hash,checkpoint_footprint_bytes,save_latency_s,restore_planning_latency_s,recompilation_latency_s,rollback_distance,lost_shots,lost_measurement_groups,recovered_work_fraction,wasted_qpu_work_s,time_to_first_stable_continuation_s,resume_success_rate,post_restore_objective_gap,hellinger_distance,gradient_disagreement,first_step_overshoot,stable_continuation_success,unsafe_restore_rate,over_conservative_block_rate,replay_fraction,migration_fraction,block_fraction,reuse_fraction,redo_fraction,portability_shock,recomputation_avoided_s,cost_quality_score,checkpoint_overhead_pct,case_id,case_label,case_notes,family,live_backend_name,live_case_error,live_execution_used,live_fallback_used,live_job_id,live_submitted_circuits
additional_migration_matrix_lih_b5_pittsburgh_to_marrakesh_window20260316T213518Z,lih_vqe,embedded_larger_active_space,hardware,migration_matrix,,2026-03-16T21:35:18Z,B5,cross_backend_migration,full_contract,ibm_pittsburgh,ibm_marrakesh,ibm_pittsburgh->ibm_marrakesh,0.5,1,2,"{'G0': True, 'GA': True, 'GB': True, 'GC': True, 'GD': True, 'GE': True, 'GF': True, 'GH': True}",migration,True,False,False,False,2026-03-11T03:58:36+00:00,2026-03-11T03:58:37.611902+00:00,0.1.0,,,,0.0557,0.062099999999999995,0.25,0.0,0.0,0.84,0.0,0.8178,1.0,0.034101984020494136,0.16303074229496536,0.04367935383373505,0.0,0.0,0.0,0.0,0.0,1.0,0.0,,,0.005331790000000001,,,,lih_b5_pittsburgh_to_marrakesh,LiH Pitt→Marr,,migration_matrix,ibm_marrakesh,,True,False,d6s7f73bjfas73fo3tug,9
additional_migration_matrix_lih_b5_pittsburgh_to_fez_window20260316T213518Z,lih_vqe,embedded_larger_active_space,hardware,migration_matrix,,2026-03-16T21:35:18Z,B5,cross_backend_migration,full_contract,ibm_pittsburgh,ibm_fez,ibm_pittsburgh->ibm_fez,0.5,1,2,"{'G0': True, 'GA': True, 'GB': True, 'GC': True, 'GD': True, 'GE': True, 'GF': True, 'GH': True}",migration,False,False,True,False,2026-03-15T21:12:13+00:00,2026-03-15T21:12:14.581102+00:00,0.1.0,,,,0.0557,0.062099999999999995,0.25,0.0,0.0,0.84,0.0,0.8178,0.0,0.003301593777112366,0.23186230046512743,0.04875900884409869,0.0,0.0,1.0,0.0,0.0,1.0,0.0,,,0.006851290000000001,,,,lih_b5_pittsburgh_to_fez,LiH Pitt→Fez,,migration_matrix,ibm_fez,,True,False,d6s7fbf90okc73erv0m0,9
additional_migration_matrix_h2_b3_marrakesh_to_pittsburgh_window20260316T213518Z,h2_vqe,embedded_same_family_active_space,hardware,migration_matrix,,2026-03-16T21:35:18Z,B3,cross_backend_migration,full_contract,ibm_marrakesh,ibm_pittsburgh,ibm_marrakesh->ibm_pittsburgh,0.5,1,2,"{'G0': True, 'GA': True, 'GB': True, 'GC': True, 'GD': True, 'GE': True, 'GF': True, 'GH': True}",migration,True,False,False,False,2026-03-02T04:36:39+00:00,2026-03-02T04:36:40.538553+00:00,0.1.0,,,,0.0504,0.0552,0.6,0.0,0.0,0.39840000000000003,0.0,0.8056,1.0,0.012953077393972778,0.0814667529692159,0.015597808410387713,0.0,0.0,0.0,0.0,0.0,1.0,0.0,,,0.00465074,,,,h2_b3_marrakesh_to_pittsburgh,H2 Marr→Pitt,,migration_matrix,ibm_pittsburgh,,True,False,d6s7fen90okc73erv0pg,8
additional_migration_matrix_h2_b3_fez_to_pittsburgh_window20260316T213518Z,h2_vqe,embedded_same_family_active_space,hardware,migration_matrix,,2026-03-16T21:35:18Z,B3,cross_backend_migration,full_contract,ibm_fez,ibm_pittsburgh,ibm_fez->ibm_pittsburgh,0.5,1,2,"{'G0': True, 'GA': True, 'GB': True, 'GC': True, 'GD': True, 'GE': True, 'GF': True, 'GH': True}",migration,True,False,False,False,2026-03-26T05:44:04+00:00,2026-03-26T05:44:05.541820+00:00,0.1.0,,,,0.0504,0.0552,0.6,0.0,0.0,0.39840000000000003,0.0,0.8056,1.0,0.016219839272694214,0.12030457611448922,0.020154601530424875,0.0,0.0,0.0,0.0,0.0,1.0,0.0,,,0.006090740000000001,,,,h2_b3_fez_to_pittsburgh,H2 Fez→Pitt,,migration_matrix,ibm_pittsburgh,,True,False,d6s7fhvgtkcc73cl7650,8
additional_migration_matrix_lih_b5_pittsburgh_to_marrakesh_window20260317T013318Z,lih_vqe,embedded_larger_active_space,hardware,migration_matrix,,2026-03-17T01:33:18Z,B5,cross_backend_migration,full_contract,ibm_pittsburgh,ibm_marrakesh,ibm_pittsburgh->ibm_marrakesh,0.5,1,2,"{'G0': True, 'GA': True, 'GB': True, 'GC': True, 'GD': True, 'GE': True, 'GF': True, 'GH': True}",migration,True,False,False,False,2026-03-27T23:16:48+00:00,2026-03-27T23:16:49.617463+00:00,0.1.0,,,,0.0557,0.062099999999999995,0.25,0.0,0.0,0.84,0.0,0.8178,1.0,0.03966320411036239,0.14991432502224794,0.04313271063521823,0.0,0.0,0.0,0.0,0.0,1.0,0.0,,,0.005240890000000001,,,,lih_b5_pittsburgh_to_marrakesh,LiH Pitt→Marr,,migration_matrix,ibm_marrakesh,,True,False,d6sauq6sh9gc73dh9nr0,9
additional_migration_matrix_lih_b5_pittsburgh_to_fez_window20260317T013318Z,lih_vqe,embedded_larger_active_space,hardware,migration_matrix,,2026-03-17T01:33:18Z,B5,cross_backend_migration,full_contract,ibm_pittsburgh,ibm_fez,ibm_pittsburgh->ibm_fez,0.5,1,2,"{'G0': True, 'GA': True, 'GB': True, 'GC': True, 'GD': True, 'GE': True, 'GF': True, 'GH': True}",migration,True,False,False,False,2026-03-06T03:52:29+00:00,2026-03-06T03:52:30.600328+00:00,0.1.0,,,,0.0557,0.062099999999999995,0.25,0.0,0.0,0.84,0.0,0.8178,1.0,0.022527622537242387,0.20238443514004928,0.049971420944176344,0.0,0.0,0.0,0.0,0.0,1.0,0.0,,,0.007064890000000002,,,,lih_b5_pittsburgh_to_fez,LiH Pitt→Fez,,migration_matrix,ibm_fez,,True,False,d6savebbjfas73fo845g,9
additional_migration_matrix_h2_b3_marrakesh_to_pittsburgh_window20260317T013318Z,h2_vqe,embedded_same_family_active_space,hardware,migration_matrix,,2026-03-17T01:33:18Z,B3,cross_backend_migration,full_contract,ibm_marrakesh,ibm_pittsburgh,ibm_marrakesh->ibm_pittsburgh,0.5,1,2,"{'G0': True, 'GA': True, 'GB': True, 'GC': True, 'GD': True, 'GE': True, 'GF': True, 'GH': True}",migration,True,False,False,False,2026-03-13T11:36:58+00:00,2026-03-13T11:36:59.581278+00:00,0.1.0,,,,0.0504,0.0552,0.6,0.0,0.0,0.39840000000000003,0.0,0.8056,1.0,0.05567817260602759,0.09801331639722137,0.015314583032752769,0.0,0.0,0.0,0.0,0.0,1.0,0.0,,,0.00455984,,,,h2_b3_marrakesh_to_pittsburgh,H2 Marr→Pitt,,migration_matrix,ibm_pittsburgh,,True,False,d6savh790okc73es3110,8
additional_migration_matrix_h2_b3_fez_to_pittsburgh_window20260317T013318Z,h2_vqe,embedded_same_family_active_space,hardware,migration_matrix,,2026-03-17T01:33:18Z,B3,cross_backend_migration,full_contract,ibm_fez,ibm_pittsburgh,ibm_fez->ibm_pittsburgh,0.5,1,2,"{'G0': True, 'GA': True, 'GB': True, 'GC': True, 'GD': True, 'GE': True, 'GF': True, 'GH': True}",migration,False,False,True,False,2026-03-07T18:41:40+00:00,2026-03-07T18:41:41.627068+00:00,0.1.0,,,,0.0504,0.0552,0.6,0.0,0.0,0.39840000000000003,0.0,0.8056,0.0,0.10146775593936086,0.07553261640722482,0.020841572924751785,0.0,0.0,1.0,0.0,0.0,1.0,0.0,,,0.006304340000000001,,,,h2_b3_fez_to_pittsburgh,H2 Fez→Pitt,,migration_matrix,ibm_pittsburgh,,True,False,d6savlbbjfas73fo84dg,8
additional_migration_matrix_lih_b5_pittsburgh_to_marrakesh_window20260317T014158Z,lih_vqe,embedded_larger_active_space,hardware,migration_matrix,,2026-03-17T01:41:58Z,B5,cross_backend_migration,full_contract,ibm_pittsburgh,ibm_marrakesh,ibm_pittsburgh->ibm_marrakesh,0.5,1,2,"{'G0': True, 'GA': True, 'GB': True, 'GC': True, 'GD': True, 'GE': True, 'GF': True, 'GH': True}",migration,True,False,False,False,2026-03-25T06:45:56+00:00,2026-03-25T06:45:57.635249+00:00,0.1.0,,,,0.0557,0.062099999999999995,0.25,0.0,0.0,0.84,0.0,0.8178,1.0,0.05744917149231643,0.13729700486065102,0.04119480439613062,0.0,0.0,0.0,0.0,0.0,1.0,0.0,,,0.0050593700000000005,,,,lih_b5_pittsburgh_to_marrakesh,LiH Pitt→Marr,,migration_matrix,ibm_marrakesh,,True,False,d6sb2resh9gc73dh9sgg,9
additional_migration_matrix_lih_b5_pittsburgh_to_fez_window20260317T014158Z,lih_vqe,embedded_larger_active_space,hardware,migration_matrix,,2026-03-17T01:41:58Z,B5,cross_backend_migration,full_contract,ibm_pittsburgh,ibm_fez,ibm_pittsburgh->ibm_fez,0.5,1,2,"{'G0': True, 'GA': True, 'GB': True, 'GC': True, 'GD': True, 'GE': True, 'GF': True, 'GH': True}",migration,False,False,True,False,2026-03-23T00:10:39+00:00,2026-03-23T00:10:40.672567+00:00,0.1.0,,,,0.0557,0.062099999999999995,0.25,0.0,0.0,0.84,0.0,0.8178,0.0,0.09476745963933109,0.1610980987891849,0.049640540676708624,0.0,0.0,1.0,0.0,0.0,1.0,0.0,,,0.006974270000000002,,,,lih_b5_pittsburgh_to_fez,LiH Pitt→Fez,,migration_matrix,ibm_fez,,True,False,d6sb2v3bjfas73fo88fg,9
additional_migration_matrix_h2_b3_marrakesh_to_pittsburgh_window20260317T014158Z,h2_vqe,embedded_same_family_active_space,hardware,migration_matrix,,2026-03-17T01:41:58Z,B3,cross_backend_migration,full_contract,ibm_marrakesh,ibm_pittsburgh,ibm_marrakesh->ibm_pittsburgh,0.5,1,2,"{'G0': True, 'GA': True, 'GB': True, 'GC': True, 'GD': True, 'GE': True, 'GF': True, 'GH': True}",migration,False,False,True,False,2026-03-05T18:13:34+00:00,2026-03-05T18:13:35.621461+00:00,0.1.0,,,,0.0504,0.0552,0.6,0.0,0.0,0.39840000000000003,0.0,0.8056,0.0,0.09586128462216936,0.09868410246610568,0.015123969932064456,0.0,0.0,1.0,0.0,0.0,1.0,0.0,,,0.00437832,,,,h2_b3_marrakesh_to_pittsburgh,H2 Marr→Pitt,,migration_matrix,ibm_pittsburgh,,True,False,d6sb31vgtkcc73clb8u0,8
additional_migration_matrix_h2_b3_fez_to_pittsburgh_window20260317T014158Z,h2_vqe,embedded_same_family_active_space,hardware,migration_matrix,,2026-03-17T01:41:58Z,B3,cross_backend_migration,full_contract,ibm_fez,ibm_pittsburgh,ibm_fez->ibm_pittsburgh,0.5,1,2,"{'G0': True, 'GA': True, 'GB': True, 'GC': True, 'GD': True, 'GE': True, 'GF': True, 'GH': True}",migration,True,False,False,False,2026-03-01T23:49:41+00:00,2026-03-01T23:49:42.555664+00:00,0.1.0,,,,0.0504,0.0552,0.6,0.0,0.0,0.39840000000000003,0.0,0.8056,1.0,0.030064409622169386,0.10032739514601724,0.020936845079273445,0.0,0.0,0.0,0.0,0.0,1.0,0.0,,,0.006213720000000001,,,,h2_b3_fez_to_pittsburgh,H2 Fez→Pitt,,migration_matrix,ibm_pittsburgh,,True,False,d6sb34790okc73es35d0,8
additional_migration_matrix_lih_b5_pittsburgh_to_marrakesh_window20260317T020832Z,lih_vqe,embedded_larger_active_space,hardware,migration_matrix,,2026-03-17T02:08:32Z,B5,cross_backend_migration,full_contract,ibm_pittsburgh,ibm_marrakesh,ibm_pittsburgh->ibm_marrakesh,0.5,1,2,"{'G0': True, 'GA': True, 'GB': True, 'GC': True, 'GD': True, 'GE': True, 'GF': True, 'GH': True}",migration,True,False,False,False,2026-03-02T15:03:10+00:00,2026-03-02T15:03:11.602871+00:00,0.1.0,,,,0.0557,0.062099999999999995,0.25,0.0,0.0,0.84,0.0,0.8178,1.0,0.025071028941903606,0.2066042263823621,0.04132932690250019,0.0,0.0,0.0,0.0,0.0,1.0,0.0,,,0.004922880000000001,,,,lih_b5_pittsburgh_to_marrakesh,LiH Pitt→Marr,,migration_matrix,ibm_marrakesh,,True,False,d6sbf9v90okc73es3j10,9
additional_migration_matrix_lih_b5_pittsburgh_to_fez_window20260317T020832Z,lih_vqe,embedded_larger_active_space,hardware,migration_matrix,,2026-03-17T02:08:32Z,B5,cross_backend_migration,full_contract,ibm_pittsburgh,ibm_fez,ibm_pittsburgh->ibm_fez,0.5,1,2,"{'G0': True, 'GA': True, 'GB': True, 'GC': True, 'GD': True, 'GE': True, 'GF': True, 'GH': True}",migration,False,False,True,False,2026-03-13T05:28:59+00:00,2026-03-13T05:29:00.645250+00:00,0.1.0,,,,0.0557,0.062099999999999995,0.25,0.0,0.0,0.84,0.0,0.8178,0.0,0.06744952247362246,0.19753735730698538,0.04883198863452349,0.0,0.0,1.0,0.0,0.0,1.0,0.0,,,0.007019580000000002,,,,lih_b5_pittsburgh_to_fez,LiH Pitt→Fez,,migration_matrix,ibm_fez,,True,False,d6sbfcv90okc73es3j4g,9
additional_migration_matrix_h2_b3_marrakesh_to_pittsburgh_window20260317T020832Z,h2_vqe,embedded_same_family_active_space,hardware,migration_matrix,,2026-03-17T02:08:32Z,B3,cross_backend_migration,full_contract,ibm_marrakesh,ibm_pittsburgh,ibm_marrakesh->ibm_pittsburgh,0.5,1,2,"{'G0': True, 'GA': True, 'GB': True, 'GC': True, 'GD': True, 'GE': True, 'GF': True, 'GH': True}",migration,True,False,False,False,2026-03-18T20:36:42+00:00,2026-03-18T20:36:43.568463+00:00,0.1.0,,,,0.0504,0.0552,0.6,0.0,0.0,0.39840000000000003,0.0,0.8056,1.0,0.042863475967073406,0.08828470348037548,0.014515611462479979,0.0,0.0,0.0,0.0,0.0,1.0,0.0,,,0.00424183,,,,h2_b3_marrakesh_to_pittsburgh,H2 Marr→Pitt,,migration_matrix,ibm_pittsburgh,,True,False,d6sbffmsh9gc73dhab90,8
additional_migration_matrix_h2_b3_fez_to_pittsburgh_window20260317T020832Z,h2_vqe,embedded_same_family_active_space,hardware,migration_matrix,,2026-03-17T02:08:32Z,B3,cross_backend_migration,full_contract,ibm_fez,ibm_pittsburgh,ibm_fez->ibm_pittsburgh,0.5,1,2,"{'G0': True, 'GA': True, 'GB': True, 'GC': True, 'GD': True, 'GE': True, 'GF': True, 'GH': True}",migration,False,False,True,False,2026-03-11T21:46:20+00:00,2026-03-11T21:46:21.593564+00:00,0.1.0,,,,0.0504,0.0552,0.6,0.0,0.0,0.39840000000000003,0.0,0.8056,0.0,0.06796386536070087,0.1339360922490702,0.02081021388485762,0.0,0.0,1.0,0.0,0.0,1.0,0.0,,,0.0062590300000000005,,,,h2_b3_fez_to_pittsburgh,H2 Fez→Pitt,,migration_matrix,ibm_pittsburgh,,True,False,d6sbfi6sh9gc73dhabcg,8
