run_id,workload_name,workload_variant,setting,evaluation_question,seed,hardware_window,boundary,scenario,baseline_or_ablation,save_backend,restore_backend,restore_backend_pair,delay,cadence,budget_B,artifact_presence,restore_decision,success,stable_continuation,unsafe_restore,over_conservative_block,timestamp_start,timestamp_end,software_version,git_hash,checkpoint_footprint_bytes,save_latency_s,restore_planning_latency_s,recompilation_latency_s,rollback_distance,lost_shots,lost_measurement_groups,recovered_work_fraction,wasted_qpu_work_s,time_to_first_stable_continuation_s,resume_success_rate,post_restore_objective_gap,hellinger_distance,gradient_disagreement,first_step_overshoot,stable_continuation_success,unsafe_restore_rate,over_conservative_block_rate,replay_fraction,migration_fraction,block_fraction,reuse_fraction,redo_fraction,portability_shock,recomputation_avoided_s,cost_quality_score,checkpoint_overhead_pct
hardware_e3_hw_lih_vqe_representative_replay_B5_full_contract_ibm_pittsburgh->ibm_pittsburgh_d0.5_window20260315 212722+0000,lih_vqe,embedded_larger_active_space,hardware,e3_hw,,2026-03-15 21:27:22+00:00,B5,representative_replay,full_contract,ibm_pittsburgh,ibm_pittsburgh,ibm_pittsburgh->ibm_pittsburgh,0.5,1,2,"{'G0': True, 'GA': True, 'GB': True, 'GC': True, 'GD': True, 'GE': True, 'GF': True, 'GH': True}",replay,True,True,False,False,2026-03-18T14:32:27+00:00,2026-03-18T14:32:28.697015+00:00,0.1.0,,,,0.0368,0.0,,,,,,,1.0,0.0002153654924983428,0.20791175793483424,0.01063812442388491,0.0,1.0,0.0,0.0,1.0,0.0,0.0,,,0.0010000000000000009,,,
hardware_e3_hw_lih_vqe_representative_migration_B5_full_contract_ibm_pittsburgh->ibm_marrakesh_d0.5_window20260315 212722+0000,lih_vqe,embedded_larger_active_space,hardware,e3_hw,,2026-03-15 21:27:22+00:00,B5,representative_migration,full_contract,ibm_pittsburgh,ibm_marrakesh,ibm_pittsburgh->ibm_marrakesh,0.5,1,2,"{'G0': True, 'GA': True, 'GB': True, 'GC': True, 'GD': True, 'GE': True, 'GF': True, 'GH': True}",migration,False,False,True,False,2026-03-14T15:11:44+00:00,2026-03-14T15:11:45.909063+00:00,0.1.0,,,,0.0557,0.062099999999999995,,,,,,,0.0,0.13126330407593656,0.14104480370766506,0.043844292879394606,0.0,0.0,1.0,0.0,0.0,1.0,0.0,,,0.005377100000000001,,,
hardware_e3_hw_lih_vqe_representative_replay_B5_full_contract_ibm_pittsburgh->ibm_pittsburgh_d0.5_window20260315T221140Z,lih_vqe,embedded_larger_active_space,hardware,e3_hw,,2026-03-15T22:11:40Z,B5,representative_replay,full_contract,ibm_pittsburgh,ibm_pittsburgh,ibm_pittsburgh->ibm_pittsburgh,0.5,1,2,"{'G0': True, 'GA': True, 'GB': True, 'GC': True, 'GD': True, 'GE': True, 'GF': True, 'GH': True}",replay,True,True,False,False,2026-03-15T16:34:01+00:00,2026-03-15T16:34:02.699514+00:00,0.1.0,,,,0.0368,0.0,,,,,,,1.0,0.00271443527822246,0.17028323580713525,0.011308922496052523,0.0,1.0,0.0,0.0,1.0,0.0,0.0,,,0.0010000000000000009,,,
hardware_e3_hw_lih_vqe_representative_migration_B5_full_contract_ibm_pittsburgh->ibm_marrakesh_d0.5_window20260315T221140Z,lih_vqe,embedded_larger_active_space,hardware,e3_hw,,2026-03-15T22:11:40Z,B5,representative_migration,full_contract,ibm_pittsburgh,ibm_marrakesh,ibm_pittsburgh->ibm_marrakesh,0.5,1,2,"{'G0': True, 'GA': True, 'GB': True, 'GC': True, 'GD': True, 'GE': True, 'GF': True, 'GH': True}",migration,True,True,False,False,2026-03-24T15:07:09+00:00,2026-03-24T15:07:10.805173+00:00,0.1.0,,,,0.0557,0.062099999999999995,,,,,,,1.0,0.027373395341713014,0.16680386625770166,0.0410000188266839,0.0,1.0,0.0,0.0,0.0,1.0,0.0,,,0.0048322600000000005,,,
hardware_e3_hw_lih_vqe_representative_replay_B5_full_contract_ibm_pittsburgh->ibm_pittsburgh_d0.5_window20260315T221247Z,lih_vqe,embedded_larger_active_space,hardware,e3_hw,,2026-03-15T22:12:47Z,B5,representative_replay,full_contract,ibm_pittsburgh,ibm_pittsburgh,ibm_pittsburgh->ibm_pittsburgh,0.5,1,2,"{'G0': True, 'GA': True, 'GB': True, 'GC': True, 'GD': True, 'GE': True, 'GF': True, 'GH': True}",replay,True,True,False,False,2026-03-13T10:02:53+00:00,2026-03-13T10:02:54.728019+00:00,0.1.0,,,,0.0368,0.0,,,,,,,1.0,0.03121853876597136,0.08898226796113844,0.01113852570945059,0.0,1.0,0.0,0.0,1.0,0.0,0.0,,,0.0010000000000000009,,,
hardware_e3_hw_lih_vqe_representative_migration_B5_full_contract_ibm_pittsburgh->ibm_marrakesh_d0.5_window20260315T221247Z,lih_vqe,embedded_larger_active_space,hardware,e3_hw,,2026-03-15T22:12:47Z,B5,representative_migration,full_contract,ibm_pittsburgh,ibm_marrakesh,ibm_pittsburgh->ibm_marrakesh,0.5,1,2,"{'G0': True, 'GA': True, 'GB': True, 'GC': True, 'GD': True, 'GE': True, 'GF': True, 'GH': True}",migration,True,True,False,False,2026-03-19T03:19:30+00:00,2026-03-19T03:19:31.795271+00:00,0.1.0,,,,0.0557,0.062099999999999995,,,,,,,1.0,0.017470658548077722,0.12879326524252288,0.04334952401293962,0.0,1.0,0.0,0.0,0.0,1.0,0.0,,,0.005241170000000001,,,
hardware_e3_hw_lih_vqe_representative_replay_B5_full_contract_ibm_pittsburgh->ibm_pittsburgh_d0.5_window20260315T221352Z,lih_vqe,embedded_larger_active_space,hardware,e3_hw,,2026-03-15T22:13:52Z,B5,representative_replay,full_contract,ibm_pittsburgh,ibm_pittsburgh,ibm_pittsburgh->ibm_pittsburgh,0.5,1,2,"{'G0': True, 'GA': True, 'GB': True, 'GC': True, 'GD': True, 'GE': True, 'GF': True, 'GH': True}",replay,True,True,False,False,2026-03-18T01:52:21+00:00,2026-03-18T01:52:22.710602+00:00,0.1.0,,,,0.0368,0.0,,,,,,,1.0,0.013801872099303836,0.1602641768327953,0.01113852570945059,0.0,1.0,0.0,0.0,1.0,0.0,0.0,,,0.0010000000000000009,,,
hardware_e3_hw_lih_vqe_representative_migration_B5_full_contract_ibm_pittsburgh->ibm_marrakesh_d0.5_window20260315T221352Z,lih_vqe,embedded_larger_active_space,hardware,e3_hw,,2026-03-15T22:13:52Z,B5,representative_migration,full_contract,ibm_pittsburgh,ibm_marrakesh,ibm_pittsburgh->ibm_marrakesh,0.5,1,2,"{'G0': True, 'GA': True, 'GB': True, 'GC': True, 'GD': True, 'GE': True, 'GF': True, 'GH': True}",migration,True,True,False,False,2026-03-20T22:27:51+00:00,2026-03-20T22:27:52.827638+00:00,0.1.0,,,,0.0557,0.062099999999999995,,,,,,,1.0,0.04983778582309739,0.18229217405309067,0.04225667009347521,0.0,1.0,0.0,0.0,0.0,1.0,0.0,,,0.0050593700000000005,,,
hardware_e3_hw_lih_vqe_representative_replay_B5_full_contract_ibm_pittsburgh->ibm_pittsburgh_d0.5_window20260315T221518Z,lih_vqe,embedded_larger_active_space,hardware,e3_hw,,2026-03-15T22:15:18Z,B5,representative_replay,full_contract,ibm_pittsburgh,ibm_pittsburgh,ibm_pittsburgh->ibm_pittsburgh,0.5,1,2,"{'G0': True, 'GA': True, 'GB': True, 'GC': True, 'GD': True, 'GE': True, 'GF': True, 'GH': True}",replay,True,True,False,False,2026-03-02T05:25:15+00:00,2026-03-02T05:25:16.736126+00:00,0.1.0,,,,0.0368,0.0,,,,,,,1.0,0.039326301174167355,0.17548693531994522,0.01063812442388491,0.0,1.0,0.0,0.0,1.0,0.0,0.0,,,0.0010000000000000009,,,
hardware_e3_hw_lih_vqe_representative_migration_B5_full_contract_ibm_pittsburgh->ibm_marrakesh_d0.5_window20260315T221518Z,lih_vqe,embedded_larger_active_space,hardware,e3_hw,,2026-03-15T22:15:18Z,B5,representative_migration,full_contract,ibm_pittsburgh,ibm_marrakesh,ibm_pittsburgh->ibm_marrakesh,0.5,1,2,"{'G0': True, 'GA': True, 'GB': True, 'GC': True, 'GD': True, 'GE': True, 'GF': True, 'GH': True}",migration,True,True,False,False,2026-03-30T16:54:07+00:00,2026-03-30T16:54:08.815865+00:00,0.1.0,,,,0.0557,0.062099999999999995,,,,,,,1.0,0.038064674071195626,0.12100752061490329,0.04165871061433667,0.0,1.0,0.0,0.0,0.0,1.0,0.0,,,0.005013500000000001,,,
