workload,profile,n,checkpoint_kb,save_ms,save_q1_ms,save_q3_ms,recovery_ms,planner_ms,recompile_ms,provenance
ADAPT-VQE,reduced,5,6.28125,1.644709,1.6282079999999999,1.745709,0.507917,0.011,1.9775830000000003,measured
ADAPT-VQE,paper,5,8.353515625,2.325333,2.31225,2.44875,0.525334,0.012083,3.11525,measured
ADAPT-VQE,review_large,5,10.763671875,2.731041,2.5630420000000003,2.858667,0.6693330000000001,0.024959,3.4979999999999998,measured
H2 VQE,reduced,5,6.734375,1.704833,1.679292,1.7407499999999998,0.461042,0.010667,2.140083,measured
H2 VQE,paper,5,8.7646484375,2.2545,2.077833,2.5223329999999997,0.47825,0.0115,2.50725,measured
H2 VQE,review_large,5,11.21875,2.416625,2.235167,2.422167,0.5405,0.012416,3.785125,measured
LiH VQE,reduced,5,7.142578125,1.8077919999999998,1.795333,1.912541,0.467292,0.010792,2.165083,measured
LiH VQE,paper,5,10.615234375,2.156292,2.012042,2.158083,0.588875,0.011792,3.563375,measured
LiH VQE,review_large,5,14.2666015625,2.72925,2.567208,2.828958,0.6736249999999999,0.0125,3.9563339999999996,measured
QAOA MaxCut,reduced,5,11.482421875,2.734709,2.383375,2.792458,0.607375,0.012792000000000001,2.966667,measured
QAOA MaxCut,paper,5,19.15625,2.7839169999999998,2.6636670000000002,2.806375,0.7022499999999999,0.012,5.206792,measured
QAOA MaxCut,review_large,5,29.48828125,2.823666,2.74675,2.966917,0.704333,0.013083,5.410417,measured
