case_id,case_label,family,hardware_window,save_backend,restore_backend,restore_decision,success,stable_continuation,post_restore_objective_gap,hellinger_distance,gradient_disagreement,live_execution_used,live_job_id
lih_b3_replay_pittsburgh,LiH B3 replay,resume_spotcheck,2026-03-17T01:39:02Z,ibm_pittsburgh,ibm_pittsburgh,replay,True,False,0.0321424188282915,0.1499062450334622,0.011294799371279,True,d6sb1g3bjfas73fo86hg
lih_b3_replay_pittsburgh,LiH B3 replay,resume_spotcheck,2026-03-17T01:40:58Z,ibm_pittsburgh,ibm_pittsburgh,replay,True,False,0.0200695021616246,0.1692083309575422,0.011294799371279,True,d6sb2cbbjfas73fo87lg
lih_b3_replay_pittsburgh,LiH B3 replay,resume_spotcheck,2026-03-17T02:07:28Z,ibm_pittsburgh,ibm_pittsburgh,replay,True,False,0.0160082719243055,0.1560461532576088,0.0114697939532078,True,d6sbepush9gc73dhaai0
lih_b5_replay_pittsburgh,LiH B5 replay,resume_spotcheck,2026-03-17T01:39:02Z,ibm_pittsburgh,ibm_pittsburgh,replay,True,False,0.043047344131315,0.1844304829330235,0.0109698720615685,True,d6sb1m790okc73es33fg
lih_b5_replay_pittsburgh,LiH B5 replay,resume_spotcheck,2026-03-17T01:40:58Z,ibm_pittsburgh,ibm_pittsburgh,replay,True,False,0.0366089058686824,0.1727595433162659,0.0109698720615685,True,d6sb2gn90okc73es34g0
lih_b5_replay_pittsburgh,LiH B5 replay,resume_spotcheck,2026-03-17T02:07:28Z,ibm_pittsburgh,ibm_pittsburgh,replay,True,False,0.0089367811644995,0.2009593339430477,0.0099982251337906,True,d6sbesjbjfas73fo8mmg
h2_b3_replay_marrakesh,H2 B3 replay,resume_spotcheck,2026-03-17T01:39:02Z,ibm_marrakesh,ibm_marrakesh,replay,True,False,0.04593058608066,0.1218325472306647,0.0163905900248547,True,d6sb1r3bjfas73fo86vg
h2_b3_replay_marrakesh,H2 B3 replay,resume_spotcheck,2026-03-17T01:40:58Z,ibm_marrakesh,ibm_marrakesh,replay,True,False,0.0309387058068457,0.1148502780280603,0.0158601114605566,True,d6sb2kbbjfas73fo8800
h2_b3_replay_marrakesh,H2 B3 replay,resume_spotcheck,2026-03-17T02:07:28Z,ibm_marrakesh,ibm_marrakesh,replay,True,False,0.0050518969837916,0.1335331097561475,0.0151493337630027,True,d6sbev7gtkcc73clbm60
h2_b5_replay_marrakesh,H2 B5 replay,resume_spotcheck,2026-03-17T01:39:02Z,ibm_marrakesh,ibm_marrakesh,replay,True,False,0.0068341231722033,0.1055496977171061,0.1058651953295348,True,d6sb20f90okc73es33q0
h2_b5_replay_marrakesh,H2 B5 replay,resume_spotcheck,2026-03-17T01:40:58Z,ibm_marrakesh,ibm_marrakesh,replay,True,False,0.036581969391036,0.0915689994634968,0.1077144018315252,True,d6sb2n790okc73es34p0
h2_b5_replay_marrakesh,H2 B5 replay,resume_spotcheck,2026-03-17T02:07:28Z,ibm_marrakesh,ibm_marrakesh,replay,True,False,0.0572052823563082,0.0793766980329275,0.1064792458863037,True,d6sbf1jbjfas73fo8mr0
