metric,label,observation,latency_ms
save_commit,Save + commit,0,3.6231660000000003
save_commit,Save + commit,1,2.575084
save_commit,Save + commit,2,2.646875
save_commit,Save + commit,3,3.015167
save_commit,Save + commit,4,2.8107919999999997
save_commit,Save + commit,5,2.636209
save_commit,Save + commit,6,2.778333
save_commit,Save + commit,7,2.546917
save_commit,Save + commit,8,2.5365
save_commit,Save + commit,9,2.5322500000000003
save_commit,Save + commit,10,2.538375
save_commit,Save + commit,11,2.554958
save_commit,Save + commit,12,2.894875
save_commit,Save + commit,13,2.599541
save_commit,Save + commit,14,2.771292
save_commit,Save + commit,15,2.993833
save_commit,Save + commit,16,2.579125
save_commit,Save + commit,17,2.599167
recovery,Recovery,0,1.662042
recovery,Recovery,1,0.8408340000000001
recovery,Recovery,2,0.796167
recovery,Recovery,3,1.533167
recovery,Recovery,4,0.770125
recovery,Recovery,5,0.831584
recovery,Recovery,6,0.8206249999999999
recovery,Recovery,7,0.829542
recovery,Recovery,8,0.85675
recovery,Recovery,9,0.888125
recovery,Recovery,10,0.806125
recovery,Recovery,11,0.847
recovery,Recovery,12,0.790208
recovery,Recovery,13,0.8646250000000001
recovery,Recovery,14,0.717458
recovery,Recovery,15,0.829625
recovery,Recovery,16,0.825916
recovery,Recovery,17,0.9213749999999999
planner,Planner total,0,25.15975
planner,Planner total,1,16.274834
planner,Planner total,2,15.940708999999998
planner,Planner total,3,17.820207999999997
planner,Planner total,4,16.350043
planner,Planner total,5,15.668834
planner,Planner total,6,17.711292
planner,Planner total,7,16.166584
planner,Planner total,8,16.026333
planner,Planner total,9,17.740249
planner,Planner total,10,16.094334
planner,Planner total,11,15.865832999999999
planner,Planner total,12,17.844707999999997
planner,Planner total,13,16.090042000000004
planner,Planner total,14,16.250207999999997
planner,Planner total,15,17.813499
planner,Planner total,16,16.040958999999997
planner,Planner total,17,16.229084
reconstruction,Circuit reconstruction,0,4.017083
reconstruction,Circuit reconstruction,1,4.277583
reconstruction,Circuit reconstruction,2,3.979
reconstruction,Circuit reconstruction,3,4.032
reconstruction,Circuit reconstruction,4,4.253125
reconstruction,Circuit reconstruction,5,3.992166
reconstruction,Circuit reconstruction,6,3.9197909999999996
reconstruction,Circuit reconstruction,7,3.936542
reconstruction,Circuit reconstruction,8,3.9509590000000006
reconstruction,Circuit reconstruction,9,3.9374579999999995
reconstruction,Circuit reconstruction,10,4.0605
reconstruction,Circuit reconstruction,11,4.062209
reconstruction,Circuit reconstruction,12,4.0175
reconstruction,Circuit reconstruction,13,4.023332999999999
reconstruction,Circuit reconstruction,14,4.014916
reconstruction,Circuit reconstruction,15,4.049292
reconstruction,Circuit reconstruction,16,4.053458
reconstruction,Circuit reconstruction,17,4.045458
reconstruction,Circuit reconstruction,18,3.990916
reconstruction,Circuit reconstruction,19,3.9884999999999997
reconstruction,Circuit reconstruction,20,4.014167
reconstruction,Circuit reconstruction,21,4.132584
reconstruction,Circuit reconstruction,22,4.065334
reconstruction,Circuit reconstruction,23,4.042583
reconstruction,Circuit reconstruction,24,4.011209
reconstruction,Circuit reconstruction,25,4.066458
reconstruction,Circuit reconstruction,26,4.043083
reconstruction,Circuit reconstruction,27,4.058125
reconstruction,Circuit reconstruction,28,4.008625
reconstruction,Circuit reconstruction,29,4.029083
reconstruction,Circuit reconstruction,30,3.984667
reconstruction,Circuit reconstruction,31,4.0890830000000005
reconstruction,Circuit reconstruction,32,4.075875
reconstruction,Circuit reconstruction,33,4.007292
reconstruction,Circuit reconstruction,34,4.047208
reconstruction,Circuit reconstruction,35,4.056833999999999
compilation,Compilation,0,36.146125
compilation,Compilation,1,37.068916
compilation,Compilation,2,21.57075
compilation,Compilation,3,19.182707999999998
compilation,Compilation,4,17.267958
compilation,Compilation,5,18.845292
compilation,Compilation,6,21.889542000000002
compilation,Compilation,7,28.007291
compilation,Compilation,8,54.417792
compilation,Compilation,9,51.282083
compilation,Compilation,10,18.404332999999998
compilation,Compilation,11,69.979125
compilation,Compilation,12,58.559958
compilation,Compilation,13,78.92133299999999
compilation,Compilation,14,67.9975
compilation,Compilation,15,36.146125
compilation,Compilation,16,37.068916
compilation,Compilation,17,17.063458
compilation,Compilation,18,17.458959
compilation,Compilation,19,18.117584
compilation,Compilation,20,14.229166
compilation,Compilation,21,26.071875000000002
compilation,Compilation,22,26.476291999999997
compilation,Compilation,23,57.494458
compilation,Compilation,24,52.21725
compilation,Compilation,25,23.740875000000003
compilation,Compilation,26,69.517875
compilation,Compilation,27,60.041916
compilation,Compilation,28,64.714292
compilation,Compilation,29,77.975833
compilation,Compilation,30,36.146125
compilation,Compilation,31,37.068916
compilation,Compilation,32,22.704667
compilation,Compilation,33,11.906792
compilation,Compilation,34,13.500209000000002
compilation,Compilation,35,19.517833
compilation,Compilation,36,26.60025
compilation,Compilation,37,33.764167
compilation,Compilation,38,51.783375
compilation,Compilation,39,51.957457999999995
compilation,Compilation,40,12.096584
compilation,Compilation,41,65.844375
compilation,Compilation,42,57.666584
compilation,Compilation,43,66.285208
compilation,Compilation,44,68.600833
compilation,Compilation,45,37.068916
compilation,Compilation,46,36.146125
compilation,Compilation,47,10.607083
compilation,Compilation,48,22.142917
compilation,Compilation,49,19.731875
compilation,Compilation,50,10.773125
compilation,Compilation,51,17.388084000000003
compilation,Compilation,52,24.736292
compilation,Compilation,53,66.444334
compilation,Compilation,54,63.924915999999996
compilation,Compilation,55,11.244083
compilation,Compilation,56,66.736542
compilation,Compilation,57,64.570417
compilation,Compilation,58,53.052917
compilation,Compilation,59,56.120708
compilation,Compilation,60,37.068916
compilation,Compilation,61,36.146125
compilation,Compilation,62,10.776041
compilation,Compilation,63,10.91075
compilation,Compilation,64,10.753125
compilation,Compilation,65,9.074167
compilation,Compilation,66,27.922042
compilation,Compilation,67,25.844915999999998
compilation,Compilation,68,79.14370799999999
compilation,Compilation,69,64.638875
compilation,Compilation,70,19.572499999999998
compilation,Compilation,71,62.706291
compilation,Compilation,72,58.066792
compilation,Compilation,73,51.511334
compilation,Compilation,74,60.682166
compilation,Compilation,75,37.068916
compilation,Compilation,76,36.146125
compilation,Compilation,77,10.085917
compilation,Compilation,78,10.84525
compilation,Compilation,79,12.134333
compilation,Compilation,80,10.633292
compilation,Compilation,81,15.668999999999999
compilation,Compilation,82,18.374917
compilation,Compilation,83,63.967999999999996
compilation,Compilation,84,71.149458
compilation,Compilation,85,14.799042
compilation,Compilation,86,55.378459
compilation,Compilation,87,52.599624999999996
compilation,Compilation,88,53.314333999999995
compilation,Compilation,89,59.912458
