variant_id,label,variant_type,cases,replay,migrate,block,agreement,included_classes,omitted_classes
full,Full contract,full,18,18,0,0,18,"[""semantic_identity"", ""progress_cost"", ""compilation_portability"", ""backend_environment"", ""estimator_mitigation"", ""continuation_optimizer""]",[]
full_minus_semantic_identity,- semantic identity,leave_one_out,18,0,0,18,0,"[""progress_cost"", ""compilation_portability"", ""backend_environment"", ""estimator_mitigation"", ""continuation_optimizer""]","[""semantic_identity""]"
full_minus_backend_environment,- backend environment,leave_one_out,18,0,0,18,0,"[""semantic_identity"", ""progress_cost"", ""compilation_portability"", ""estimator_mitigation"", ""continuation_optimizer""]","[""backend_environment""]"
full_minus_compilation_portability,- compilation/portability,leave_one_out,18,18,0,0,18,"[""semantic_identity"", ""progress_cost"", ""backend_environment"", ""estimator_mitigation"", ""continuation_optimizer""]","[""compilation_portability""]"
full_minus_estimator_mitigation,- estimator/mitigation,leave_one_out,18,18,0,0,18,"[""semantic_identity"", ""progress_cost"", ""compilation_portability"", ""backend_environment"", ""continuation_optimizer""]","[""estimator_mitigation""]"
full_minus_continuation_optimizer,- continuation/optimizer,leave_one_out,18,18,0,0,18,"[""semantic_identity"", ""progress_cost"", ""compilation_portability"", ""backend_environment"", ""estimator_mitigation""]","[""continuation_optimizer""]"
full_minus_progress_cost,- progress/cost,leave_one_out,18,18,0,0,18,"[""semantic_identity"", ""compilation_portability"", ""backend_environment"", ""estimator_mitigation"", ""continuation_optimizer""]","[""progress_cost""]"
s0_semantic,S0 semantic,compact_nested,18,0,0,18,0,"[""semantic_identity""]","[""progress_cost"", ""compilation_portability"", ""backend_environment"", ""estimator_mitigation"", ""continuation_optimizer""]"
s1_semantic_backend,S1 + backend,compact_nested,18,18,0,0,18,"[""semantic_identity"", ""backend_environment""]","[""progress_cost"", ""compilation_portability"", ""estimator_mitigation"", ""continuation_optimizer""]"
s2_add_portability,S2 + portability,compact_nested,18,18,0,0,18,"[""semantic_identity"", ""backend_environment"", ""compilation_portability""]","[""progress_cost"", ""estimator_mitigation"", ""continuation_optimizer""]"
s3_add_estimator,S3 + estimator,compact_nested,18,18,0,0,18,"[""semantic_identity"", ""backend_environment"", ""compilation_portability"", ""estimator_mitigation""]","[""progress_cost"", ""continuation_optimizer""]"
s4_add_continuation,S4 + continuation,compact_nested,18,18,0,0,18,"[""semantic_identity"", ""backend_environment"", ""compilation_portability"", ""estimator_mitigation"", ""continuation_optimizer""]","[""progress_cost""]"
s5_add_progress,S5 + progress,compact_nested,18,18,0,0,18,"[""semantic_identity"", ""progress_cost"", ""compilation_portability"", ""backend_environment"", ""estimator_mitigation"", ""continuation_optimizer""]",[]
