source_path,release_path,original_sha256,release_sha256,original_bytes,release_bytes,transformation
outputs/sigmetrics/continuation_calibration_repair_v2/calibration/processed/records.jsonl,outputs/sigmetrics/continuation_calibration_repair_v2/calibration/processed/records.jsonl.gz,f8b762c959ca022e7a1fcd03829ebeba58eb7728fa84137588d8fb76d3917ae9,ff115e59db675af71de24441889314696cd4ce74284d33e72eecfa0babb9aeda,1544536,145495,deterministic gzip; decompressed bytes are identical
outputs/sigmetrics/continuation_calibration_repair_v2/calibration/work/calibration_records.jsonl,outputs/sigmetrics/continuation_calibration_repair_v2/calibration/work/calibration_records.jsonl.gz,f8b762c959ca022e7a1fcd03829ebeba58eb7728fa84137588d8fb76d3917ae9,ff115e59db675af71de24441889314696cd4ce74284d33e72eecfa0babb9aeda,1544536,145495,deterministic gzip; decompressed bytes are identical
outputs/sigmetrics/continuation_calibration_repair_v2/planner/processed/records.jsonl,outputs/sigmetrics/continuation_calibration_repair_v2/planner/processed/records.jsonl.gz,9201a6bb434c182672fd325b4719e6dc39efc86d43c06e0b00429c3221cd9843,adb6f4e36d2287b13a33236e0afa1a2cf41289f73d966ba8ebe98fba5797e5c8,125030083,6017844,deterministic gzip; decompressed bytes are identical
outputs/sigmetrics/continuation_calibration_repair_v2/rq3/processed/records.jsonl,outputs/sigmetrics/continuation_calibration_repair_v2/rq3/processed/records.jsonl.gz,2b9e7847275eff1d5e20ac44146b21f5a591dc230e584ff78697dd1769592ab8,c7bf16575a7572563c4c202f3512130013ceff9272f49486942be7b934fa6c18,13818044,605404,deterministic gzip; decompressed bytes are identical
outputs/sigmetrics/continuation_calibration_repair_v2/rq4/processed/records.jsonl,outputs/sigmetrics/continuation_calibration_repair_v2/rq4/processed/records.jsonl.gz,5f669f4755e6fbe57c16e709c998a335abea27c58bcd7b7ae8894926b2af556d,944b357ca9b91301db4bed21865c59db36770aa3a0b3cc4cd8c501c9663c4a5d,87436388,4765119,deterministic gzip; decompressed bytes are identical
outputs/sigmetrics/continuation_calibration_repair_v2/rq4_fresh/processed/records.jsonl,outputs/sigmetrics/continuation_calibration_repair_v2/rq4_fresh/processed/records.jsonl.gz,0a7c4da376d8a630a7a6635c13815664151a2e72217303eb8feaf49f40e94f32,156648636bbde65636f8bc4a3b001f6fac3d896136e7cbca1338a84f9401104f,42158589,2413088,deterministic gzip; decompressed bytes are identical
outputs/sigmetrics/continuation_calibration_repair_v2/rq4_fresh/raw/records.jsonl,outputs/sigmetrics/continuation_calibration_repair_v2/rq4_fresh/raw/records.jsonl.gz,404074492254a21c1f1ec94f9f30d3f724ca1b5bb2338bba27929fa5db91846a,7b413a3d17442aa44c690a2d214c0c00e6ca4016ef895a3b643ec680d1d64579,52160890,2689895,deterministic gzip; decompressed bytes are identical
outputs/sigmetrics/continuation_calibration_repair_v2/rq5/processed/records.jsonl,outputs/sigmetrics/continuation_calibration_repair_v2/rq5/processed/records.jsonl.gz,3f10d4f673555c83221d77c5808f03704456a55406414f317b680285e0ecd821,bd477c7c82402cccd4e4f9d6baba50783105aa3fa676c800a0ed87cf888b19cd,131034799,6854571,deterministic gzip; decompressed bytes are identical
outputs/sigmetrics/continuation_calibration_repair_v2/rq6/processed/records.jsonl,outputs/sigmetrics/continuation_calibration_repair_v2/rq6/processed/records.jsonl.gz,1915940bfde903236a76b8ef5123483994113eb6cb008c8592f77f6a6d07bc49,905cd00d9689323e19ddcb5abb2a3cb4c3bb8a0073028a4c127490e7b7e0b17e,3729403,144812,deterministic gzip; decompressed bytes are identical
outputs/sigmetrics/qml_continuation_calibration/processed/records.jsonl,outputs/sigmetrics/qml_continuation_calibration/processed/records.jsonl.gz,2280bd8a41290304d0653a70bb1382dc067be934a78aef4303d9a4005b89ac01,d44f03afcba5326d753933cb14d3c0258f8dc8dc55ad62b91e9d28bf1a5a431f,79044,3255,deterministic gzip; decompressed bytes are identical
outputs/sigmetrics/qml_continuation_calibration/raw/records.jsonl,outputs/sigmetrics/qml_continuation_calibration/raw/records.jsonl.gz,d9ebf1dfc484aa5dba070d5430245e27342cdf69966bde93374480de38ba2b0d,3c4d33e073d712ff7816e8ab5aecd19c488996257298bc4326f2a209acfda391,77472,3212,deterministic gzip; decompressed bytes are identical
outputs/sigmetrics/qml_planner_calibration/processed/records.jsonl,outputs/sigmetrics/qml_planner_calibration/processed/records.jsonl.gz,70b33ae985473e1502e2210e138714e210b7f207ec688c2ebc3f9dd52c767657,8b9cf70b3d85b274ef50460ed8113206dc01e971dd8411dc3a815792171c18d9,137251,3476,deterministic gzip; decompressed bytes are identical
outputs/sigmetrics/qml_planner_calibration/raw/records.jsonl,outputs/sigmetrics/qml_planner_calibration/raw/records.jsonl.gz,528fe74adc6ab0eb8d1fb1a48b92fb772f319b51a3985ea5177b3ff2dead2510,5de01242944940bb2bba753f435906eccc1a6fc7f3f24e34de26e45bc875a265,134731,3425,deterministic gzip; decompressed bytes are identical
outputs/sigmetrics/qml_targeted_evaluation/recommended/qml_targeted/processed/records.jsonl,outputs/sigmetrics/qml_targeted_evaluation/recommended/qml_targeted/processed/records.jsonl.gz,c5cd78710ced49d3870429832510831e1593caf6148d06f3fac84207622d4b19,9e55862ab8522fdd800493b5b7fb6b7f88e1393f129c8909d3dc00666790e85f,343123,24030,deterministic gzip; decompressed bytes are identical
outputs/sigmetrics/qml_targeted_evaluation/recommended/qml_targeted/raw/records.jsonl,outputs/sigmetrics/qml_targeted_evaluation/recommended/qml_targeted/raw/records.jsonl.gz,bbda7ad017f8daa923b5d6a5eee3307f45acb47f7680fb939da6695cb944f751,202a564fdacb7d19c21ae8ee7e016ed1e0380066f509ebf5f13621eb6c05e25c,341593,23817,deterministic gzip; decompressed bytes are identical
outputs/sigmetrics/rq1_boundary_placement/recommended/rq1_adapt_b6_main/processed/records.jsonl,outputs/sigmetrics/rq1_boundary_placement/recommended/rq1_adapt_b6_main/processed/records.jsonl.gz,a754efdf60c048ff034f2e7895236d105a3509e188bf4be587cea1e935dbbe60,d5fdda9a9e084f1967ebd59eeaf6d83425fcdd6d55a813d92e0a4d9d238697f3,1006858,42986,deterministic gzip; decompressed bytes are identical
outputs/sigmetrics/rq1_boundary_placement/recommended/rq1_adapt_b6_main/raw/records.jsonl,outputs/sigmetrics/rq1_boundary_placement/recommended/rq1_adapt_b6_main/raw/records.jsonl.gz,d27411d14ff0a9824235ce53ed9b10d40aa216ffb32accf3905aff0ae507fa3c,6e2e1da141cca7fffcda28739bf94f26a199386c9a4b4a10332c49136913d69a,1004503,42526,deterministic gzip; decompressed bytes are identical
outputs/sigmetrics/rq1_boundary_placement/recommended/rq1_b1_b5_main/processed/records.jsonl,outputs/sigmetrics/rq1_boundary_placement/recommended/rq1_b1_b5_main/processed/records.jsonl.gz,5688aeb4536641b0bfcbef2243fb767d5eb18b471b6e2cb185572704b0cd03fe,79df34e8fb7baab0b7811512058174010093d34655952bf2c89ba235f9166976,12111885,564431,deterministic gzip; decompressed bytes are identical
outputs/sigmetrics/rq1_boundary_placement/recommended/rq1_b1_b5_main/raw/records.jsonl,outputs/sigmetrics/rq1_boundary_placement/recommended/rq1_b1_b5_main/raw/records.jsonl.gz,0c9cb18965b29c7e75bb7d6d69ce457c3ba46629176c8b6159d9e49d4332ec90,fcb8f41eed9902b3ffb98a4733e4257e3c8faf62c935ea1d97dfc79d8e861bab,12065685,550180,deterministic gzip; decompressed bytes are identical
outputs/sigmetrics/rq1_boundary_placement/recommended/rq1_cadence_sensitivity/processed/records.jsonl,outputs/sigmetrics/rq1_boundary_placement/recommended/rq1_cadence_sensitivity/processed/records.jsonl.gz,d7c3f4848837477f6b0e15b8caaa5d86aa4b8c78985b61a4c553a7f4e380b0cd,93ec255c43350c0589a0552d390242ec88b3ae21411a8620443b647cf978acdd,1498254,78059,deterministic gzip; decompressed bytes are identical
outputs/sigmetrics/rq1_boundary_placement/recommended/rq1_cadence_sensitivity/raw/records.jsonl,outputs/sigmetrics/rq1_boundary_placement/recommended/rq1_cadence_sensitivity/raw/records.jsonl.gz,1960a727c81d16b782ee480ff5ed98808dbd4e6e74afeec582764c9e8e1cee06,db357b58fdd5819a58b3b4acc38c7c06d79741355f41309880c188edb51a854d,1491734,76523,deterministic gzip; decompressed bytes are identical
outputs/sigmetrics/rq1_boundary_placement/recommended/rq1_failure_timing_sensitivity/processed/records.jsonl,outputs/sigmetrics/rq1_boundary_placement/recommended/rq1_failure_timing_sensitivity/processed/records.jsonl.gz,bdf765f3e1b689637421614a2a7fa50bda0d374495a801fd1e276a8d010881a1,de5d7c2444f1c0c43e8656affb5b886a139bc307168305e4c113c4943bfd042b,3239325,145328,deterministic gzip; decompressed bytes are identical
outputs/sigmetrics/rq1_boundary_placement/recommended/rq1_failure_timing_sensitivity/raw/records.jsonl,outputs/sigmetrics/rq1_boundary_placement/recommended/rq1_failure_timing_sensitivity/raw/records.jsonl.gz,f1b3269059c8d68db20c862ff0d99e0bde6b9d8e610934eb085576a15cdf2b30,10158c719082db10be769fd86e3459c92e3eb5cebdee0af1b628f03c101cab8b,3225725,143348,deterministic gzip; decompressed bytes are identical
outputs/sigmetrics/rq2_overhead_scaling/recommended/rq2_full_scale/processed/records.jsonl,outputs/sigmetrics/rq2_overhead_scaling/recommended/rq2_full_scale/processed/records.jsonl.gz,147fdc923061790db870eea0b507e87b3302578718613d84f1ed944f380e8c71,a5b2d24f46e473c00049978fbf9a7b36b4903908b966efa8d9327e936bc5e09a,10131015,261698,deterministic gzip; decompressed bytes are identical
outputs/sigmetrics/rq2_overhead_scaling/recommended/rq2_full_scale/raw/records.jsonl,outputs/sigmetrics/rq2_overhead_scaling/recommended/rq2_full_scale/raw/records.jsonl.gz,f33de641272e603e0d031d7a34531993700270f5e8968734b8ae0ad4f8e8040a,1e98b3ecee64849a3589e825c22be182a91b72e87b8d9a8545ab094a92023f16,10058055,260525,deterministic gzip; decompressed bytes are identical
