rq,population,mode,driver,config,seeds_or_cases,archived_records,paper_source,requires_qpu,notes
RQ1,boundary placement,noisy simulation,run_sigmetrics_campaign.py,configs/campaigns/final/rq1_boundary_placement.yaml,"evaluation 1001-1003; calibration 3401-3407",outputs/sigmetrics/rq1_boundary_placement/recommended,outputs/sigmetrics/continuation_calibration_repair_v2/paper_assets/data/rq1/rq1_matched_placement.csv,no,"semantic, equal-count, equal-overhead"
RQ1,live B5,IBM hardware,hardware_vertical frozen campaign,experiments/hardware_lih_final_evidence/config/campaign.yaml,18 cases,experiments/hardware_lih_final_evidence/raw,experiments/hardware_lih_final_evidence/processed/5q/hardware_rq1.csv,no (archived),"72 groups and 13824 shots"
RQ2,overhead scaling,simulation/control plane,run_sigmetrics_campaign.py,configs/campaigns/final/rq2_measured_overhead_scaling.yaml,see config,outputs/sigmetrics/rq2_overhead_scaling/recommended,outputs/sigmetrics/continuation_calibration_repair_v2/paper_assets/data/rq2/rq2_measured_overhead.csv,no,"reduced/primary/large; local overhead separate from provider"
RQ3,fair classical paired,noisy simulation,run_continuation_calibration_repair.py,configs/campaigns/repair/rq3_recovery_efficiency_fair_classical_v2.yaml,240 paired cases per mechanism,outputs/sigmetrics/continuation_calibration_repair_v2/rq3,outputs/sigmetrics/continuation_calibration_repair_v2/rq3/analysis/paper_artifacts/table_rq3_fair_classical.csv,no,"matched application state"
RQ3,live exact work,IBM hardware,hardware_vertical frozen campaign,experiments/hardware_lih_final_evidence/config/campaign.yaml,18 B5 cases,experiments/hardware_lih_final_evidence/raw,experiments/hardware_lih_final_evidence/processed/5q/hardware_rq3.csv,no (archived),"RES-Q ledger vs evaluated classical baseline"
RQ4,continuation calibration,noisy simulation,run_continuation_calibration_repair.py,configs/campaigns/repair/continuation_envelopes_pooled_v2.yaml,fit/evaluation split in manifest,outputs/sigmetrics/continuation_calibration_repair_v2/calibration,outputs/sigmetrics/continuation_calibration_repair_v2/calibration/manifest.json,no,"repaired pooled envelopes"
RQ4,planner calibration,noisy simulation,run_continuation_calibration_repair.py,configs/campaigns/repair/planner_operating_point_calibration_v2.yaml,seeds 3201-3208,outputs/sigmetrics/continuation_calibration_repair_v2/planner,outputs/sigmetrics/continuation_calibration_repair_v2/planner/analysis/threshold_sweep.json,no,"separate from held-out evaluation"
RQ4,primary operating points,noisy simulation,prepare_rq4_fresh_confirmation.py,configs/campaigns/proposed/rq4_fresh_heldout_planner_validation.yaml,160 paired scenarios,outputs/sigmetrics/continuation_calibration_repair_v2/rq4_fresh,outputs/sigmetrics/continuation_calibration_repair_v2/rq4_fresh/analysis/confirmation_summary.json,no,"do not pool with earlier four-policy population"
RQ4,earlier four-policy,noisy simulation,run_sigmetrics_campaign.py,configs/campaigns/final/rq4_policy_decision.yaml,160 scenarios,outputs/sigmetrics/continuation_calibration_repair_v2/rq4,outputs/sigmetrics/continuation_calibration_repair_v2/paper_assets/data/rq4/rq4_four_policy.csv,no,"separate population"
RQ4,eight-policy analysis,postprocessing,analysis/rq4_policy_analysis/scripts/generate_rq4_final_validation.py,n/a,analysis/rq4_policy_analysis/processed,analysis/rq4_policy_analysis/final_validation/rq4_policy_comparison_final.csv,no,"includes logistic oracle and 67-vector sensitivity"
RQ5,evidence sufficiency,noisy simulation,run_continuation_calibration_repair.py,configs/campaigns/repair/rq5_evidence_sufficiency_calibration_v2.yaml,64 scenarios,outputs/sigmetrics/continuation_calibration_repair_v2/rq5,outputs/sigmetrics/continuation_calibration_repair_v2/review_repair/table_rq5_evidence_sufficiency.csv,no,"S0-S5 decision agreement not safety proof"
RQ5,live evidence ablation,IBM hardware,hardware_vertical frozen campaign,experiments/hardware_lih_final_evidence/config/campaign.yaml,18 cases,experiments/hardware_lih_final_evidence/raw,experiments/hardware_lih_final_evidence/processed/5q/hardware_rq5.csv,no (archived),"separate from simulation"
RQ6,generalization matrix,noisy simulation,run_sigmetrics_campaign.py,configs/campaigns/final/rq6_generalization.yaml,60 continuations,outputs/sigmetrics/continuation_calibration_repair_v2/rq6,outputs/sigmetrics/continuation_calibration_repair_v2/rq6/analysis/summary.json,no,"four workloads x three profiles"
RQ6,targeted VQC,noisy simulation,run_sigmetrics_campaign.py,configs/campaigns/qml/qml_targeted_evaluation.yaml,10 mechanical / 6 executed,outputs/sigmetrics/qml_targeted_evaluation,outputs/sigmetrics/continuation_calibration_repair_v2/paper_assets/data/qml/qml_targeted.csv,no,"not pooled with main matrix"
RQ6,hardware qualification,IBM hardware,hardware_vertical frozen campaign,configs/campaigns/final/rq6_hardware_validation.yaml,"5q: 5 windows; 7q: 3 windows",experiments/hardware_lih_final_evidence/raw,experiments/hardware_lih_final_evidence/processed/5q/qualification_table.csv,no (archived),"2/5 and 0/3 qualified"
RQ6,qualified replay/migration,IBM hardware,hardware_vertical frozen campaign,experiments/hardware_lih_final_evidence/config/campaign.yaml,12 trajectories,experiments/hardware_lih_final_evidence/raw,experiments/hardware_lih_final_evidence/processed/5q/hardware_rq6.csv,no (archived),"5/6 replay; 2/6 migration stable"
RQ6,temporal diagnostics,IBM hardware,hardware_vertical frozen campaign,experiments/hardware_lih_final_evidence/config/campaign.yaml,historical diagnostic set,experiments/hardware_lih_final_evidence/raw,experiments/hardware_lih_final_evidence/manifests/temporal_diagnostics/diagnostic_manifest.json,no (archived),"diagnostic only; never pooled"
