paper_number,asset_id,rq,type,script,source_data,config_or_seed,output,reproduction_command,requires_new_qpu,status
Figure 1,resq_overview,system,diagram,TikZ source,none,none,plots/architecture/resq_overview.tex,compile in manuscript context,no,source included
Figure 2,semantic_boundaries,system,diagram,TikZ source,none,none,plots/architecture/semantic_boundaries.tex,compile in manuscript context,no,source included
Figure 3,evaluation_flow,system,diagram,TikZ source,none,none,plots/architecture/evaluation_flow.tex,compile in manuscript context,no,source included
Figure 4,fig_rq1_boundary_value,RQ1,figure,generate_final_paper_assets.py,"RQ1 repaired simulation CSV; frozen hardware RQ1",configs/campaigns/final/rq1_boundary_placement.yaml,Results/paper_assets_final/main_paper/figures/fig_rq1_boundary_value.pdf,bash scripts/reproduce/regenerate_all_plots.sh,no,PASS
Figure 5,fig_rq2_overhead_scaling,RQ2,figure,generate_final_paper_assets.py,"RQ2 measured-overhead CSV; hardware timing",configs/campaigns/final/rq2_measured_overhead_scaling.yaml,Results/paper_assets_final/main_paper/figures/fig_rq2_overhead_scaling.pdf,bash scripts/reproduce/regenerate_all_plots.sh,no,PASS
Figure 6,fig_rq3_exact_work,RQ3,figure,generate_final_paper_assets.py,"fair-classical table; hardware RQ3",configs/campaigns/repair/rq3_recovery_efficiency_fair_classical_v2.yaml,Results/paper_assets_final/main_paper/figures/fig_rq3_exact_work.pdf,bash scripts/reproduce/regenerate_all_plots.sh,no,PASS
Figure 7,fig_rq4_decision_quality,RQ4,figure,generate_final_paper_assets.py,"fresh confirmation; threshold tradeoff",configs/campaigns/proposed/rq4_fresh_heldout_planner_validation.yaml,Results/paper_assets_final/main_paper/figures/fig_rq4_decision_quality.pdf,bash scripts/reproduce/regenerate_all_plots.sh,no,PASS
Figure 8,fig_rq5_evidence_sufficiency,RQ5,figure,generate_final_paper_assets.py,review_repair/table_rq5_evidence_sufficiency.csv,configs/campaigns/repair/rq5_evidence_sufficiency_calibration_v2.yaml,Results/paper_assets_final/main_paper/figures/fig_rq5_evidence_sufficiency.pdf,bash scripts/reproduce/regenerate_all_plots.sh,no,PASS
Figure 9,fig_rq6_generalization_hardware,RQ6,figure,generate_final_paper_assets.py,"RQ6 summary; targeted VQC; hardware qualification/evaluation",configs/campaigns/final/rq6_generalization.yaml,Results/paper_assets_final/main_paper/figures/fig_rq6_generalization_hardware.pdf,bash scripts/reproduce/regenerate_all_plots.sh,no,PASS
Appendix,fig_hw_overhead_distribution,RQ2/RQ6,figure,generate_final_paper_assets.py,frozen hardware campaign,hardware frozen manifests,Results/paper_assets_final/appendix/figures/fig_hw_overhead_distribution.pdf,bash scripts/reproduce/regenerate_all_plots.sh,no,PASS
Appendix,fig_hw_qualification_full,RQ6,figure,generate_final_paper_assets.py,5q/7q qualification manifests,hardware calibration manifests,Results/paper_assets_final/appendix/figures/fig_hw_qualification_full.pdf,bash scripts/reproduce/regenerate_all_plots.sh,no,PASS
Appendix,fig_hw_temporal_drift,RQ6,figure,generate_final_paper_assets.py,temporal diagnostic manifest,historical diagnostics,Results/paper_assets_final/appendix/figures/fig_hw_temporal_drift.pdf,bash scripts/reproduce/regenerate_all_plots.sh,no,PASS
Appendix,fig_hw_rq5_ablation,RQ5,figure,generate_final_paper_assets.py,hardware_rq5.csv,18 live cases,Results/paper_assets_final/appendix/figures/fig_hw_rq5_ablation.pdf,bash scripts/reproduce/regenerate_all_plots.sh,no,PASS
Appendix,fig_rq4_score_discrimination,RQ4,figure,generate_final_paper_assets.py,rq4_discriminability/heldout_model_comparison.csv,held-out diagnostics,Results/paper_assets_final/appendix/figures/fig_rq4_score_discrimination.pdf,bash scripts/reproduce/regenerate_all_plots.sh,no,PASS
Appendix,fig_rq4_calibration_diagnostics,RQ4,figure,generate_final_paper_assets.py,review_repair/table_rq4_threshold_tradeoff.csv,planner calibration only,Results/paper_assets_final/appendix/figures/fig_rq4_calibration_diagnostics.pdf,bash scripts/reproduce/regenerate_all_plots.sh,no,PASS
