Evidence,Population,Main measured result,Interpretation
Qualification,5q: 5; 7q: 3 backend/windows,5q: 2/5 passed 4/4; 7q: 0/3 passed 4/4,Only Fez and Pittsburgh entered 5q evaluation; 7q evaluation unavailable.
RQ1,18 B5 interruptions,Semantic 72/72 groups reused; equal-count 48/72; equal-overhead 0/72,Semantic boundaries preserved exact completed work.
RQ2,18 save/recovery/planner cases,Median: save 2.618 ms; recovery 0.831 ms; planner 16.240 ms; compilation 36.146 ms,Local control-plane costs remained below provider execution/queue times; queue is excluded here.
RQ3,18 paired cases/policy,"RES-Q reused 72 groups / 13,824 shots; classical reissued 72 groups / 13,824 shots",Checkpoint semantics determine whether completed QPU work is reusable.
RQ4 primary,18 same-context cases/policy,All policies replayed; 15/18 continuations stable,This primary hardware population does not discriminate policy superiority.
RQ4 secondary/post-hoc,6 reconstructed changed-backend contexts,"Block-on-change blocked 6/6: 4 unsafe migrations avoided, 2 conservative; other policies replayed 6/6",Descriptive diagnostic only; not pooled with primary RQ4.
RQ5,18 cases/variant,-semantic and -backend blocked 18/18; semantic+backend restored replay agreement 18/18,Semantic identity and backend evidence changed decisions in this population.
RQ6,6 replay; 6 migration trajectories,Replay stable 5/6; migration stable 2/6,Observed migration stability depended on direction.
Temporal diagnostic,10 trajectories/backend,"Historical envelope stable: Kingston 6/10, Marrakesh 5/10, Pittsburgh 7/10",Historical qualification is not a permanent backend property.
