execution_key,provider_job_id,status,configured_conservative_estimate_s,provider_qpu_seconds,provider_execution_wall_time_s,accounted_budget_seconds,budget_accounting_basis
calibration-fit--ibm_boston--00--step-0,dauh39tvr3kc73emvhl0,DONE,15.0,4.0,5.450627,4.0,provider_reported_qpu_seconds
calibration-fit--ibm_boston--00--step-1,dauh3c5vr3kc73emvhq0,DONE,15.0,4.0,5.414784,4.0,provider_reported_qpu_seconds
calibration-fit--ibm_boston--01--step-0,dauh3e3g95ks73eid310,DONE,15.0,4.0,5.218227,4.0,provider_reported_qpu_seconds
calibration-fit--ibm_boston--01--step-1,dauh3gahcrkc73dvl6hg,DONE,15.0,4.0,5.463773,4.0,provider_reported_qpu_seconds
calibration-fit--ibm_boston--02--step-0,dauh3ibg95ks73eid38g,DONE,15.0,4.0,5.462421,4.0,provider_reported_qpu_seconds
calibration-fit--ibm_boston--02--step-1,dauh3kihcrkc73dvl6n0,DONE,15.0,4.0,5.726441,4.0,provider_reported_qpu_seconds
calibration-fit--ibm_boston--03--step-0,dauh3mrojkfs738s6290,DONE,15.0,4.0,5.562865,4.0,provider_reported_qpu_seconds
calibration-fit--ibm_boston--03--step-1,dauh3otvr3kc73emvia0,DONE,15.0,4.0,5.593461,4.0,provider_reported_qpu_seconds
calibration-fit--ibm_boston--04--step-0,dauh3qrg95ks73eid3j0,DONE,15.0,4.0,5.962855,4.0,provider_reported_qpu_seconds
calibration-fit--ibm_boston--04--step-1,dauh3tbg95ks73eid3mg,DONE,15.0,4.0,5.77953,4.0,provider_reported_qpu_seconds
calibration-fit--ibm_boston--05--step-0,dauh3vjojkfs738s62rg,DONE,15.0,4.0,7.179674,4.0,provider_reported_qpu_seconds
calibration-fit--ibm_boston--05--step-1,dauh473g95ks73eid410,DONE,15.0,4.0,28.838029,4.0,provider_reported_qpu_seconds
calibration-fit--ibm_boston--06--step-0,dauh4f3ojkfs738s63f0,DONE,15.0,4.0,5.677897,4.0,provider_reported_qpu_seconds
calibration-fit--ibm_boston--06--step-1,dauh4hdvr3kc73emvjc0,DONE,15.0,4.0,5.381686,4.0,provider_reported_qpu_seconds
calibration-fit--ibm_boston--07--step-0,dauh4jihcrkc73dvl7s0,DONE,15.0,4.0,5.83615,4.0,provider_reported_qpu_seconds
calibration-fit--ibm_boston--07--step-1,dauh4lqhcrkc73dvl7vg,DONE,15.0,4.0,6.42359,4.0,provider_reported_qpu_seconds
calibration-fit--ibm_marrakesh--00--step-0,dauguqdvr3kc73emv9kg,DONE,15.0,4.0,6.194657,4.0,provider_reported_qpu_seconds
calibration-fit--ibm_marrakesh--00--step-1,daugusrg95ks73eicrf0,DONE,15.0,4.0,5.567975,4.0,provider_reported_qpu_seconds
calibration-fit--ibm_marrakesh--01--step-0,dauguvbojkfs738s5q8g,DONE,15.0,4.0,5.864918,4.0,provider_reported_qpu_seconds
calibration-fit--ibm_marrakesh--01--step-1,daugv1jojkfs738s5qdg,DONE,15.0,4.0,5.585979,4.0,provider_reported_qpu_seconds
calibration-fit--ibm_marrakesh--02--step-0,daugv3qhcrkc73dvkut0,DONE,15.0,4.0,6.044004,4.0,provider_reported_qpu_seconds
calibration-fit--ibm_marrakesh--02--step-1,daugv6ahcrkc73dvkv00,DONE,15.0,4.0,5.787671,4.0,provider_reported_qpu_seconds
calibration-fit--ibm_marrakesh--03--step-0,daugv8ihcrkc73dvkv3g,DONE,15.0,4.0,6.458177,4.0,provider_reported_qpu_seconds
calibration-fit--ibm_marrakesh--03--step-1,daugvb5vr3kc73emvadg,DONE,15.0,4.0,7.018459,4.0,provider_reported_qpu_seconds
calibration-fit--ibm_marrakesh--04--step-0,daugvdtvr3kc73emvai0,DONE,15.0,4.0,5.425157,4.0,provider_reported_qpu_seconds
calibration-fit--ibm_marrakesh--04--step-1,daugvg3g95ks73eics90,DONE,15.0,4.0,5.966008,4.0,provider_reported_qpu_seconds
calibration-fit--ibm_marrakesh--05--step-0,daugvirojkfs738s5r4g,DONE,15.0,4.0,5.500617,4.0,provider_reported_qpu_seconds
calibration-fit--ibm_marrakesh--05--step-1,daugvktvr3kc73emvat0,DONE,15.0,4.0,5.809284,4.0,provider_reported_qpu_seconds
calibration-fit--ibm_marrakesh--06--step-0,daugvndvr3kc73emvb20,DONE,15.0,4.0,5.658311,4.0,provider_reported_qpu_seconds
calibration-fit--ibm_marrakesh--06--step-1,daugvplvr3kc73emvb70,DONE,15.0,4.0,5.790757,4.0,provider_reported_qpu_seconds
calibration-fit--ibm_marrakesh--07--step-0,daugvs3ojkfs738s5rkg,DONE,15.0,4.0,7.558138,4.0,provider_reported_qpu_seconds
calibration-fit--ibm_marrakesh--07--step-1,daugvv5vr3kc73emvbh0,DONE,15.0,4.0,13.956527,4.0,provider_reported_qpu_seconds
calibration-fit--ibm_pittsburgh--00--step-0,dau712jg95ks73ehs5ng,DONE,15.0,4.0,131.359406,4.0,provider_reported_qpu_seconds
calibration-fit--ibm_pittsburgh--00--step-1,dau78r5vr3kc73emeuc0,DONE,15.0,4.0,320.907231,4.0,provider_reported_qpu_seconds
calibration-fit--ibm_pittsburgh--01--step-0,dau86lrg95ks73ehu4dg,DONE,15.0,4.0,246.373721,4.0,provider_reported_qpu_seconds
calibration-fit--ibm_pittsburgh--01--step-1,dau8i1rojkfs738rnkp0,DONE,15.0,4.0,147.645378,4.0,provider_reported_qpu_seconds
calibration-fit--ibm_pittsburgh--02--step-0,dau8k2rg95ks73ehulv0,DONE,15.0,4.0,5.771497,4.0,provider_reported_qpu_seconds
calibration-fit--ibm_pittsburgh--02--step-1,dau8k5bojkfs738rnmtg,DONE,15.0,4.0,5.440395,4.0,provider_reported_qpu_seconds
calibration-fit--ibm_pittsburgh--03--step-0,dau8k7bojkfs738rnn00,DONE,15.0,4.0,5.46196,4.0,provider_reported_qpu_seconds
calibration-fit--ibm_pittsburgh--03--step-1,dau8k9bg95ks73ehum5g,DONE,15.0,4.0,5.358539,4.0,provider_reported_qpu_seconds
calibration-fit--ibm_pittsburgh--04--step-0,dau8kbjg95ks73ehum90,DONE,15.0,4.0,5.770952,4.0,provider_reported_qpu_seconds
calibration-fit--ibm_pittsburgh--04--step-1,dau8kdtvr3kc73emh3s0,DONE,15.0,4.0,5.365334,4.0,provider_reported_qpu_seconds
calibration-fit--ibm_pittsburgh--05--step-0,dau8kfqhcrkc73dv702g,DONE,15.0,4.0,5.636675,4.0,provider_reported_qpu_seconds
calibration-fit--ibm_pittsburgh--05--step-1,dau8khtvr3kc73emh410,DONE,15.0,4.0,5.534179,4.0,provider_reported_qpu_seconds
calibration-fit--ibm_pittsburgh--06--step-0,dau8kjtvr3kc73emh44g,DONE,15.0,4.0,5.738437,4.0,provider_reported_qpu_seconds
calibration-fit--ibm_pittsburgh--06--step-1,dau8km5vr3kc73emh480,DONE,15.0,4.0,5.582093,4.0,provider_reported_qpu_seconds
calibration-fit--ibm_pittsburgh--07--step-0,dau8ko3g95ks73ehump0,DONE,15.0,4.0,5.619358,4.0,provider_reported_qpu_seconds
calibration-fit--ibm_pittsburgh--07--step-1,dau8kqahcrkc73dv70mg,DONE,15.0,4.0,325.034691,4.0,provider_reported_qpu_seconds
calibration-validation--ibm_boston--00--step-0,dauh4odvr3kc73emvjkg,DONE,15.0,4.0,5.233572,4.0,provider_reported_qpu_seconds
calibration-validation--ibm_boston--00--step-1,dauh4qahcrkc73dvl860,DONE,15.0,4.0,5.381248,4.0,provider_reported_qpu_seconds
calibration-validation--ibm_boston--01--step-0,dauh4sihcrkc73dvl8ag,DONE,15.0,4.0,5.392204,4.0,provider_reported_qpu_seconds
calibration-validation--ibm_boston--01--step-1,dauh4urg95ks73eid4vg,DONE,15.0,4.0,13.608012,4.0,provider_reported_qpu_seconds
calibration-validation--ibm_boston--02--step-0,dauh533g95ks73eid570,DONE,15.0,4.0,8.486695,4.0,provider_reported_qpu_seconds
calibration-validation--ibm_boston--02--step-1,dauh563ojkfs738s64ig,DONE,15.0,4.0,5.257854,4.0,provider_reported_qpu_seconds
calibration-validation--ibm_boston--03--step-0,dauh583g95ks73eid5fg,DONE,15.0,4.0,5.487506,4.0,provider_reported_qpu_seconds
calibration-validation--ibm_boston--03--step-1,dauh5abojkfs738s64pg,DONE,15.0,4.0,6.667042,4.0,provider_reported_qpu_seconds
calibration-validation--ibm_marrakesh--00--step-0,dauh03jojkfs738s5rvg,DONE,15.0,4.0,34.000198,4.0,provider_reported_qpu_seconds
calibration-validation--ibm_marrakesh--00--step-1,dauh0d3g95ks73eicttg,DONE,15.0,4.0,111.795317,4.0,provider_reported_qpu_seconds
calibration-validation--ibm_marrakesh--01--step-0,dauh1a2hcrkc73dvl2lg,DONE,15.0,4.0,88.658459,4.0,provider_reported_qpu_seconds
calibration-validation--ibm_marrakesh--01--step-1,dauh212hcrkc73dvl470,DONE,15.0,4.0,34.199955,4.0,provider_reported_qpu_seconds
calibration-validation--ibm_marrakesh--02--step-0,dauh2arojkfs738s609g,DONE,15.0,4.0,58.154715,4.0,provider_reported_qpu_seconds
calibration-validation--ibm_marrakesh--02--step-1,dauh31lvr3kc73emvh7g,DONE,15.0,4.0,9.311692,4.0,provider_reported_qpu_seconds
calibration-validation--ibm_marrakesh--03--step-0,dauh34rg95ks73eid2ig,DONE,15.0,4.0,5.46014,4.0,provider_reported_qpu_seconds
calibration-validation--ibm_marrakesh--03--step-1,dauh37lvr3kc73emvhgg,DONE,15.0,4.0,5.445743,4.0,provider_reported_qpu_seconds
calibration-validation--ibm_pittsburgh--00--step-0,dau8terg95ks73ehv1vg,DONE,15.0,4.0,121.319695,4.0,provider_reported_qpu_seconds
calibration-validation--ibm_pittsburgh--00--step-1,dau96vbojkfs738roj8g,DONE,15.0,4.0,44.787045,4.0,provider_reported_qpu_seconds
calibration-validation--ibm_pittsburgh--01--step-0,dau9gt3g95ks73ei03rg,DONE,15.0,4.0,220.301514,4.0,provider_reported_qpu_seconds
calibration-validation--ibm_pittsburgh--01--step-1,dau9rfahcrkc73dv90g0,DONE,15.0,4.0,38.930842,4.0,provider_reported_qpu_seconds
calibration-validation--ibm_pittsburgh--02--step-0,daugudrojkfs738s5pgg,DONE,15.0,4.0,13.760916,4.0,provider_reported_qpu_seconds
calibration-validation--ibm_pittsburgh--02--step-1,daugui5vr3kc73emv95g,DONE,15.0,4.0,5.270099,4.0,provider_reported_qpu_seconds
calibration-validation--ibm_pittsburgh--03--step-0,dauguk5vr3kc73emv9a0,DONE,15.0,4.0,14.178749,4.0,provider_reported_qpu_seconds
calibration-validation--ibm_pittsburgh--03--step-1,dauguo2hcrkc73dvkug0,DONE,15.0,4.0,5.339477,4.0,provider_reported_qpu_seconds
pilot--lih-paper--b5-groups-0-1,dau2c8bojkfs738rellg,DONE,15.0,2.0,5.425807,2.0,provider_reported_qpu_seconds
scaled-5q-calibration-fit--ibm_boston--00--step-0,dauj8ijg95ks73eigogg,DONE,15.0,4.0,91.499311,4.0,provider_reported_qpu_seconds
scaled-5q-calibration-fit--ibm_boston--00--step-1,dauj9c2hcrkc73dvoru0,DONE,15.0,4.0,7.571679,4.0,provider_reported_qpu_seconds
scaled-5q-calibration-fit--ibm_boston--01--step-0,daukhn2hcrkc73dvrci0,DONE,15.0,4.0,8.056204,4.0,provider_reported_qpu_seconds
scaled-5q-calibration-fit--ibm_boston--01--step-1,daukhq3ojkfs738sca4g,DONE,15.0,4.0,5.526383,4.0,provider_reported_qpu_seconds
scaled-5q-calibration-fit--ibm_boston--02--step-0,dauki0dvr3kc73en5rtg,DONE,15.0,4.0,33.478151,4.0,provider_reported_qpu_seconds
scaled-5q-calibration-fit--ibm_boston--02--step-1,dauki9dvr3kc73en5s7g,DONE,15.0,4.0,5.448937,4.0,provider_reported_qpu_seconds
scaled-5q-calibration-fit--ibm_boston--03--step-0,daukiblvr3kc73en5sa0,DONE,15.0,4.0,7.3241,4.0,provider_reported_qpu_seconds
scaled-5q-calibration-fit--ibm_boston--03--step-1,daukiebg95ks73eijasg,DONE,15.0,4.0,5.487788,4.0,provider_reported_qpu_seconds
scaled-5q-calibration-fit--ibm_boston--04--step-0,daukiglvr3kc73en5sl0,DONE,15.0,4.0,5.453584,4.0,provider_reported_qpu_seconds
scaled-5q-calibration-fit--ibm_boston--04--step-1,daukiirg95ks73eijb90,DONE,15.0,4.0,9.563308,4.0,provider_reported_qpu_seconds
scaled-5q-calibration-fit--ibm_boston--05--step-0,daukimbg95ks73eijbfg,DONE,15.0,4.0,31.356061,4.0,provider_reported_qpu_seconds
scaled-5q-calibration-fit--ibm_boston--05--step-1,daukiurojkfs738scc8g,DONE,15.0,4.0,6.61737,4.0,provider_reported_qpu_seconds
scaled-5q-calibration-fit--ibm_boston--06--step-0,daukj1qhcrkc73dvreu0,DONE,15.0,4.0,5.926902,4.0,provider_reported_qpu_seconds
scaled-5q-calibration-fit--ibm_boston--06--step-1,daukj4dvr3kc73en5u5g,DONE,15.0,4.0,6.015501,4.0,provider_reported_qpu_seconds
scaled-5q-calibration-fit--ibm_boston--07--step-0,daukjd3g95ks73eijd4g,DONE,15.0,4.0,6.353092,4.0,provider_reported_qpu_seconds
scaled-5q-calibration-fit--ibm_boston--07--step-1,daukjfjojkfs738scdd0,DONE,15.0,4.0,9.538184,4.0,provider_reported_qpu_seconds
scaled-5q-calibration-fit--ibm_kingston--00--step-0,daukkb5vr3kc73en617g,DONE,15.0,4.0,6.081243,4.0,provider_reported_qpu_seconds
scaled-5q-calibration-fit--ibm_kingston--00--step-1,daukkdbojkfs738scfng,DONE,15.0,4.0,11.477488,4.0,provider_reported_qpu_seconds
scaled-5q-calibration-fit--ibm_kingston--01--step-0,daukkhbg95ks73eijfng,DONE,15.0,4.0,10.515586,4.0,provider_reported_qpu_seconds
scaled-5q-calibration-fit--ibm_kingston--01--step-1,daukkkjg95ks73eijfv0,DONE,15.0,4.0,5.305008,4.0,provider_reported_qpu_seconds
scaled-5q-calibration-fit--ibm_kingston--02--step-0,daukkn5vr3kc73en61tg,DONE,15.0,4.0,5.39558,4.0,provider_reported_qpu_seconds
scaled-5q-calibration-fit--ibm_kingston--02--step-1,daukkpbg95ks73eijg7g,DONE,15.0,4.0,5.588327,4.0,provider_reported_qpu_seconds
scaled-5q-calibration-fit--ibm_kingston--03--step-0,daukkrlvr3kc73en626g,DONE,15.0,4.0,14.340301,4.0,provider_reported_qpu_seconds
scaled-5q-calibration-fit--ibm_kingston--03--step-1,daukl0bg95ks73eijgjg,DONE,15.0,4.0,8.286127,4.0,provider_reported_qpu_seconds
scaled-5q-calibration-fit--ibm_kingston--04--step-0,daukl3bojkfs738scgvg,DONE,15.0,4.0,5.389595,4.0,provider_reported_qpu_seconds
scaled-5q-calibration-fit--ibm_kingston--04--step-1,daukl5qhcrkc73dvrj80,DONE,15.0,4.0,5.538545,4.0,provider_reported_qpu_seconds
scaled-5q-calibration-fit--ibm_kingston--05--step-0,daukl83ojkfs738sch80,DONE,15.0,4.0,5.542386,4.0,provider_reported_qpu_seconds
scaled-5q-calibration-fit--ibm_kingston--05--step-1,daukladvr3kc73en6310,DONE,15.0,4.0,5.489143,4.0,provider_reported_qpu_seconds
scaled-5q-calibration-fit--ibm_kingston--06--step-0,dauklcjg95ks73eijhdg,DONE,15.0,4.0,13.496841,4.0,provider_reported_qpu_seconds
scaled-5q-calibration-fit--ibm_kingston--06--step-1,dauklh2hcrkc73dvrk5g,DONE,15.0,4.0,9.753781,4.0,provider_reported_qpu_seconds
scaled-5q-calibration-fit--ibm_kingston--07--step-0,dauklkahcrkc73dvrk9g,DONE,15.0,4.0,5.563666,4.0,provider_reported_qpu_seconds
scaled-5q-calibration-fit--ibm_kingston--07--step-1,dauklmahcrkc73dvrkd0,DONE,15.0,4.0,5.518501,4.0,provider_reported_qpu_seconds
scaled-5q-calibration-fit--ibm_pittsburgh--00--step-0,dauj0djojkfs738s95dg,DONE,15.0,4.0,5.833726,4.0,provider_reported_qpu_seconds
scaled-5q-calibration-fit--ibm_pittsburgh--00--step-1,dauj0klvr3kc73en2lt0,DONE,15.0,4.0,10.39969,4.0,provider_reported_qpu_seconds
scaled-5q-calibration-fit--ibm_pittsburgh--01--step-0,dauj0v5vr3kc73en2mn0,DONE,15.0,4.0,5.569361,4.0,provider_reported_qpu_seconds
scaled-5q-calibration-fit--ibm_pittsburgh--01--step-1,dauj115vr3kc73en2msg,DONE,15.0,4.0,158.023521,4.0,provider_reported_qpu_seconds
scaled-5q-calibration-fit--ibm_pittsburgh--02--step-0,dauj2aihcrkc73dvobb0,DONE,15.0,4.0,5.692668,4.0,provider_reported_qpu_seconds
scaled-5q-calibration-fit--ibm_pittsburgh--02--step-1,dauj2g3g95ks73eigac0,DONE,15.0,4.0,5.733276,4.0,provider_reported_qpu_seconds
scaled-5q-calibration-fit--ibm_pittsburgh--03--step-0,dauj2lrg95ks73eigarg,DONE,15.0,4.0,9.701696,4.0,provider_reported_qpu_seconds
scaled-5q-calibration-fit--ibm_pittsburgh--03--step-1,dauj2t3ojkfs738s9b1g,DONE,15.0,4.0,5.466383,4.0,provider_reported_qpu_seconds
scaled-5q-calibration-fit--ibm_pittsburgh--04--step-0,dauj323g95ks73eigbr0,DONE,15.0,4.0,5.818535,4.0,provider_reported_qpu_seconds
scaled-5q-calibration-fit--ibm_pittsburgh--04--step-1,dauj39rojkfs738s9cag,DONE,15.0,4.0,11.071253,4.0,provider_reported_qpu_seconds
scaled-5q-calibration-fit--ibm_pittsburgh--05--step-0,dauj4fahcrkc73dvogd0,DONE,15.0,4.0,9.158948,4.0,provider_reported_qpu_seconds
scaled-5q-calibration-fit--ibm_pittsburgh--05--step-1,dauj4ijojkfs738s9f1g,DONE,15.0,4.0,5.608304,4.0,provider_reported_qpu_seconds
scaled-5q-calibration-fit--ibm_pittsburgh--06--step-0,dauj4nrojkfs738s9fg0,DONE,15.0,4.0,5.52302,4.0,provider_reported_qpu_seconds
scaled-5q-calibration-fit--ibm_pittsburgh--06--step-1,dauj4srojkfs738s9fv0,DONE,15.0,4.0,7.201555,4.0,provider_reported_qpu_seconds
scaled-5q-calibration-fit--ibm_pittsburgh--07--step-0,dauj5cihcrkc73dvoieg,DONE,15.0,4.0,9.953319,4.0,provider_reported_qpu_seconds
scaled-5q-calibration-fit--ibm_pittsburgh--07--step-1,dauj5mjojkfs738s9hs0,DONE,15.0,4.0,11.994025,4.0,provider_reported_qpu_seconds
scaled-5q-calibration-validation--ibm_boston--00--step-0,daukjitvr3kc73en5v7g,DONE,15.0,4.0,11.642091,4.0,provider_reported_qpu_seconds
scaled-5q-calibration-validation--ibm_boston--00--step-1,daukjpbg95ks73eije1g,DONE,15.0,4.0,9.417651,4.0,provider_reported_qpu_seconds
scaled-5q-calibration-validation--ibm_boston--01--step-0,daukjsjg95ks73eijea0,DONE,15.0,4.0,5.31429,4.0,provider_reported_qpu_seconds
scaled-5q-calibration-validation--ibm_boston--01--step-1,daukjujojkfs738scei0,DONE,15.0,4.0,5.535948,4.0,provider_reported_qpu_seconds
scaled-5q-calibration-validation--ibm_boston--02--step-0,daukk13g95ks73eijelg,DONE,15.0,4.0,6.482128,4.0,provider_reported_qpu_seconds
scaled-5q-calibration-validation--ibm_boston--02--step-1,daukk3jg95ks73eijerg,DONE,15.0,4.0,5.506924,4.0,provider_reported_qpu_seconds
scaled-5q-calibration-validation--ibm_boston--03--step-0,daukk5rojkfs738scf60,DONE,15.0,4.0,5.746858,4.0,provider_reported_qpu_seconds
scaled-5q-calibration-validation--ibm_boston--03--step-1,daukk8lvr3kc73en60vg,DONE,15.0,4.0,5.188481,4.0,provider_reported_qpu_seconds
scaled-5q-calibration-validation--ibm_kingston--00--step-0,dauklojojkfs738sci50,DONE,15.0,4.0,5.646806,4.0,provider_reported_qpu_seconds
scaled-5q-calibration-validation--ibm_kingston--00--step-1,dauklqrg95ks73eiji7g,DONE,15.0,4.0,6.157307,4.0,provider_reported_qpu_seconds
scaled-5q-calibration-validation--ibm_kingston--01--step-0,daukltbg95ks73eijicg,DONE,15.0,4.0,16.217642,4.0,provider_reported_qpu_seconds
scaled-5q-calibration-validation--ibm_kingston--01--step-1,daukm2dvr3kc73en64d0,DONE,15.0,4.0,8.260337,4.0,provider_reported_qpu_seconds
scaled-5q-calibration-validation--ibm_kingston--02--step-0,daukm52hcrkc73dvrl90,DONE,15.0,4.0,5.821243,4.0,provider_reported_qpu_seconds
scaled-5q-calibration-validation--ibm_kingston--02--step-1,daukm7jg95ks73eijj40,DONE,15.0,4.0,5.4667,4.0,provider_reported_qpu_seconds
scaled-5q-calibration-validation--ibm_kingston--03--step-0,daukma2hcrkc73dvrlhg,DONE,15.0,4.0,5.567343,4.0,provider_reported_qpu_seconds
scaled-5q-calibration-validation--ibm_kingston--03--step-1,daukmcbojkfs738scj20,DONE,15.0,4.0,5.421468,4.0,provider_reported_qpu_seconds
scaled-5q-calibration-validation--ibm_pittsburgh--00--step-0,dauj5v2hcrkc73dvojn0,DONE,15.0,4.0,14.77315,4.0,provider_reported_qpu_seconds
scaled-5q-calibration-validation--ibm_pittsburgh--00--step-1,dauj6jdvr3kc73en340g,DONE,15.0,4.0,8.292482,4.0,provider_reported_qpu_seconds
scaled-5q-calibration-validation--ibm_pittsburgh--01--step-0,dauj6qqhcrkc73dvolpg,DONE,15.0,4.0,5.440554,4.0,provider_reported_qpu_seconds
scaled-5q-calibration-validation--ibm_pittsburgh--01--step-1,dauj6ubg95ks73eigl0g,DONE,15.0,4.0,5.473446,4.0,provider_reported_qpu_seconds
scaled-5q-calibration-validation--ibm_pittsburgh--02--step-0,dauj73bojkfs738s9lc0,DONE,15.0,4.0,6.390367,4.0,provider_reported_qpu_seconds
scaled-5q-calibration-validation--ibm_pittsburgh--02--step-1,dauj7tqhcrkc73dvoofg,DONE,15.0,4.0,6.691424,4.0,provider_reported_qpu_seconds
scaled-5q-calibration-validation--ibm_pittsburgh--03--step-0,dauj83rojkfs738s9nq0,DONE,15.0,4.0,5.647154,4.0,provider_reported_qpu_seconds
scaled-5q-calibration-validation--ibm_pittsburgh--03--step-1,dauj892hcrkc73dvopeg,DONE,15.0,4.0,5.897342,4.0,provider_reported_qpu_seconds
