evidence_subset,n,evidence_bytes_median,evidence_bytes_q1,evidence_bytes_q3,action_flip_numerator,action_flip_denominator,action_flip_rate,action_flip_wilson_low,action_flip_wilson_high,coverage_numerator,coverage_denominator,coverage_rate,coverage_wilson_low,coverage_wilson_high,successful_coverage_numerator,successful_coverage_denominator,successful_coverage_rate,successful_coverage_wilson_low,successful_coverage_wilson_high,unsafe_numerator,unsafe_denominator,unsafe_rate,unsafe_wilson_low,unsafe_wilson_high,overblock_numerator,overblock_denominator,overblock_rate,overblock_wilson_low,overblock_wilson_high
full,64,2946.0,2857.5,3034.5,0,64,0.0,0.0,0.05662405979280534,48,64,0.75,0.631837235413303,0.8398507346902941,18,64,0.28125,0.18593372333727837,0.40133930282207403,30,48,0.625,0.4836276351921527,0.747847332391318,0,16,0.0,0.0,0.1936076805344365
full_minus_semantic_identity,64,2520.0,2430.5,2609.5,48,64,0.75,0.631837235413303,0.8398507346902941,0,64,0.0,0.0,0.05662405979280534,0,64,0.0,0.0,0.05662405979280534,0,0,,,,18,64,0.28125,0.18593372333727837,0.40133930282207403
full_minus_progress_cost,64,2632.0,2543.5,2720.5,0,64,0.0,0.0,0.05662405979280534,48,64,0.75,0.631837235413303,0.8398507346902941,18,64,0.28125,0.18593372333727837,0.40133930282207403,30,48,0.625,0.4836276351921527,0.747847332391318,0,16,0.0,0.0,0.1936076805344365
full_minus_compilation_portability,64,2298.0,2218.0,2378.0,16,64,0.25,0.16014926530970577,0.36816276458669694,32,64,0.5,0.3810209474394701,0.6189790525605299,17,64,0.265625,0.17296379074222612,0.38482873728565137,15,32,0.46875,0.30869387108068835,0.6355048288102536,1,32,0.03125,0.005537860164003122,0.15744263820012558
full_minus_backend_environment,64,2229.0,2149.0,2309.0,48,64,0.75,0.631837235413303,0.8398507346902941,0,64,0.0,0.0,0.05662405979280534,0,64,0.0,0.0,0.05662405979280534,0,0,,,,18,64,0.28125,0.18593372333727837,0.40133930282207403
full_minus_estimator_mitigation,64,2621.0,2538.0,2704.0,0,64,0.0,0.0,0.05662405979280534,48,64,0.75,0.631837235413303,0.8398507346902941,18,64,0.28125,0.18593372333727837,0.40133930282207403,30,48,0.625,0.4836276351921527,0.747847332391318,0,16,0.0,0.0,0.1936076805344365
full_minus_continuation_optimizer,64,2430.0,2377.5,2482.5,0,64,0.0,0.0,0.05662405979280534,48,64,0.75,0.631837235413303,0.8398507346902941,18,64,0.28125,0.18593372333727837,0.40133930282207403,30,48,0.625,0.4836276351921527,0.747847332391318,0,16,0.0,0.0,0.1936076805344365
s0_semantic,64,426.0,424.0,428.0,48,64,0.75,0.631837235413303,0.8398507346902941,0,64,0.0,0.0,0.05662405979280534,0,64,0.0,0.0,0.05662405979280534,0,0,,,,18,64,0.28125,0.18593372333727837,0.40133930282207403
s1_semantic_backend,64,1143.0,1112.5,1173.5,16,64,0.25,0.16014926530970577,0.36816276458669694,32,64,0.5,0.3810209474394701,0.6189790525605299,17,64,0.265625,0.17296379074222612,0.38482873728565137,15,32,0.46875,0.30869387108068835,0.6355048288102536,1,32,0.03125,0.005537860164003122,0.15744263820012558
s2_add_portability,64,1791.0,1742.0,1840.0,0,64,0.0,0.0,0.05662405979280534,48,64,0.75,0.631837235413303,0.8398507346902941,18,64,0.28125,0.18593372333727837,0.40133930282207403,30,48,0.625,0.4836276351921527,0.747847332391318,0,16,0.0,0.0,0.1936076805344365
s3_add_estimator,64,2116.0,2063.5,2168.5,0,64,0.0,0.0,0.05662405979280534,48,64,0.75,0.631837235413303,0.8398507346902941,18,64,0.28125,0.18593372333727837,0.40133930282207403,30,48,0.625,0.4836276351921527,0.747847332391318,0,16,0.0,0.0,0.1936076805344365
s4_add_continuation,64,2632.0,2543.5,2720.5,0,64,0.0,0.0,0.05662405979280534,48,64,0.75,0.631837235413303,0.8398507346902941,18,64,0.28125,0.18593372333727837,0.40133930282207403,30,48,0.625,0.4836276351921527,0.747847332391318,0,16,0.0,0.0,0.1936076805344365
s5_add_progress,64,2946.0,2857.5,3034.5,0,64,0.0,0.0,0.05662405979280534,48,64,0.75,0.631837235413303,0.8398507346902941,18,64,0.28125,0.18593372333727837,0.40133930282207403,30,48,0.625,0.4836276351921527,0.747847332391318,0,16,0.0,0.0,0.1936076805344365
