threshold,scenario_type,scenario_count,replay_count,migration_count,block_count,coverage_numerator,coverage_denominator,coverage_rate,coverage_ci_low,coverage_ci_high,successful_coverage_numerator,successful_coverage_denominator,successful_coverage_rate,successful_coverage_ci_low,successful_coverage_ci_high,unsafe_numerator,unsafe_denominator,unsafe_rate,unsafe_ci_low,unsafe_ci_high,overblock_numerator,overblock_denominator,overblock_rate,overblock_ci_low,overblock_ci_high,successful_continuation_count,unsuccessful_proceeded_count
0.15,no_change,32,32,0,0,32,32,1.0,0.8928208017449293,1.0,32,32,1.0,0.8928208017449293,1.0,0,32,0.0,0.0,0.1071791982550706,0,0,,,,32,0
0.15,safe_change,32,32,0,0,32,32,1.0,0.8928208017449293,1.0,31,32,0.96875,0.8425573617998744,0.9944621398359969,1,32,0.03125,0.005537860164003122,0.15744263820012558,0,0,,,,31,1
0.15,same_backend_delay,32,0,32,0,32,32,1.0,0.8928208017449293,1.0,0,32,0.0,0.0,0.1071791982550706,32,32,1.0,0.8928208017449293,1.0,0,0,,,,0,32
0.15,cross_backend,32,0,32,0,32,32,1.0,0.8928208017449293,1.0,0,32,0.0,0.0,0.1071791982550706,32,32,1.0,0.8928208017449293,1.0,0,0,,,,0,32
0.15,high_change,32,0,0,32,0,32,0.0,0.0,0.1071791982550706,0,32,0.0,0.0,0.1071791982550706,0,0,,,,0,32,0.0,0.0,0.1071791982550706,0,0
0.05,no_change,32,32,0,0,32,32,1.0,0.8928208017449293,1.0,32,32,1.0,0.8928208017449293,1.0,0,32,0.0,0.0,0.1071791982550706,0,0,,,,32,0
0.05,safe_change,32,32,0,0,32,32,1.0,0.8928208017449293,1.0,31,32,0.96875,0.8425573617998744,0.9944621398359969,1,32,0.03125,0.005537860164003122,0.15744263820012558,0,0,,,,31,1
0.05,same_backend_delay,32,0,0,32,0,32,0.0,0.0,0.1071791982550706,0,32,0.0,0.0,0.1071791982550706,0,0,,,,0,32,0.0,0.0,0.1071791982550706,0,0
0.05,cross_backend,32,0,0,32,0,32,0.0,0.0,0.1071791982550706,0,32,0.0,0.0,0.1071791982550706,0,0,,,,0,32,0.0,0.0,0.1071791982550706,0,0
0.05,high_change,32,0,0,32,0,32,0.0,0.0,0.1071791982550706,0,32,0.0,0.0,0.1071791982550706,0,0,,,,0,32,0.0,0.0,0.1071791982550706,0,0
