formulation,action,model,calibration_scenarios,evaluation_scenarios,hyperparameters,n,safe,unsafe,safe_base_rate,roc_auc,roc_auc_ci_low,roc_auc_ci_high,roc_auc_bootstrap_valid,pr_auc,operating_threshold,balanced_accuracy,sensitivity_true_safe_rate,specificity_true_unsafe_detection_rate,precision_predicted_safe,false_safe_rate,true_safe,true_unsafe,false_safe,false_unsafe,brier_score,auc_difference_vs_current,auc_difference_ci_low,auc_difference_ci_high,auc_difference_bootstrap_valid
joint,all,current_risk,160,160,risk<=0.15,256,66,190,0.2578125,0.9950558213716109,0.9876705717459142,1.0,2000,0.9853219696969697,0.85,0.8368421052631578,1.0,0.6736842105263158,0.515625,0.484375,66,128,62,0,,0.0,0.0,0.0,2000
joint,all,logistic,160,160,L2=1.0,256,66,190,0.2578125,0.9875598086124402,0.9685953426336722,1.0,2000,0.9835858585858586,0.40000000000000013,0.9848484848484849,0.9696969696969697,1.0,1.0,0.0,64,190,0,2,0.11219300216428518,-0.007496012759170667,-0.019259220764556124,0.0,2000
joint,all,shallow_tree,160,160,"depth=1,min_leaf=24",256,66,190,0.2578125,0.9848484848484849,0.9629629629629629,1.0,2000,0.9775094696969697,0.9000000000000002,0.9848484848484849,0.9696969696969697,1.0,1.0,0.0,64,190,0,2,0.007981454903043517,-0.010207336523125998,-0.026374185430977568,0.0,2000
action_specific,replay,current_risk,128,128,risk<=0.15,128,64,64,0.5,1.0,1.0,1.0,2000,1.0,0.85,1.0,1.0,1.0,1.0,0.0,64,64,0,0,,0.0,0.0,0.0,2000
action_specific,replay,logistic,128,128,L2=0.01,128,64,64,0.5,1.0,1.0,1.0,2000,1.0,0.9000000000000002,1.0,1.0,1.0,1.0,0.0,64,64,0,0,0.0004024246123539609,0.0,0.0,0.0,2000
action_specific,replay,shallow_tree,128,128,"depth=1,min_leaf=24",128,64,64,0.5,1.0,1.0,1.0,2000,1.0,0.9000000000000002,1.0,1.0,1.0,1.0,0.0,64,64,0,0,0.0005739210284664822,0.0,0.0,0.0,2000
action_specific,migrate,current_risk,96,96,risk<=0.15,128,2,126,0.015625,0.753968253968254,0.7235610679970437,0.7864847917195834,1754,0.03125,0.85,0.753968253968254,1.0,0.5079365079365079,0.03125,0.96875,2,64,62,0,,0.0,0.0,0.0,1754
action_specific,migrate,logistic,96,96,not_fit: calibration action subset contains one outcome class,128,2,126,0.015625,,,,0,,,,,,,,,,,,,,,,0
action_specific,migrate,shallow_tree,96,96,not_fit: calibration action subset contains one outcome class,128,2,126,0.015625,,,,0,,,,,,,,,,,,,,,,0
