workload,policy,boundary,n,median_shots_redone,q1_shots_redone,q3_shots_redone,median_shots_reused
ADAPT-VQE,Periodic (count),B1,5,0.0,0.0,0.0,0.0
ADAPT-VQE,Periodic (count),B2,5,0.0,0.0,0.0,0.0
ADAPT-VQE,Periodic (count),B3,5,0.0,0.0,0.0,0.0
ADAPT-VQE,Periodic (count),B4,5,0.0,0.0,0.0,0.0
ADAPT-VQE,Periodic (count),B5,5,2304.0,2304.0,2304.0,0.0
ADAPT-VQE,Periodic (count),B6,5,0.0,0.0,0.0,0.0
ADAPT-VQE,Periodic (overhead),B1,5,0.0,0.0,0.0,0.0
ADAPT-VQE,Periodic (overhead),B2,5,0.0,0.0,0.0,0.0
ADAPT-VQE,Periodic (overhead),B3,5,0.0,0.0,0.0,0.0
ADAPT-VQE,Periodic (overhead),B4,5,0.0,0.0,0.0,0.0
ADAPT-VQE,Periodic (overhead),B5,5,2304.0,2304.0,2304.0,0.0
ADAPT-VQE,Periodic (overhead),B6,5,0.0,0.0,0.0,0.0
ADAPT-VQE,Semantic,B1,5,0.0,0.0,0.0,0.0
ADAPT-VQE,Semantic,B2,5,0.0,0.0,0.0,0.0
ADAPT-VQE,Semantic,B3,5,0.0,0.0,0.0,0.0
ADAPT-VQE,Semantic,B4,5,0.0,0.0,0.0,0.0
ADAPT-VQE,Semantic,B5,5,0.0,0.0,0.0,2304.0
ADAPT-VQE,Semantic,B6,5,0.0,0.0,0.0,0.0
H2 VQE,Periodic (count),B1,5,1856.0,1856.0,1856.0,0.0
H2 VQE,Periodic (count),B2,5,1856.0,1856.0,1856.0,0.0
H2 VQE,Periodic (count),B3,5,1856.0,1856.0,1856.0,0.0
H2 VQE,Periodic (count),B4,5,1856.0,1856.0,1856.0,0.0
H2 VQE,Periodic (count),B5,5,1856.0,1856.0,1856.0,0.0
H2 VQE,Periodic (overhead),B1,5,1856.0,1856.0,1856.0,0.0
H2 VQE,Periodic (overhead),B2,5,1856.0,1856.0,1856.0,0.0
H2 VQE,Periodic (overhead),B3,5,1856.0,1856.0,1856.0,0.0
H2 VQE,Periodic (overhead),B4,5,1856.0,1856.0,1856.0,0.0
H2 VQE,Periodic (overhead),B5,5,1856.0,1856.0,1856.0,0.0
H2 VQE,Semantic,B1,5,1856.0,1856.0,1856.0,0.0
H2 VQE,Semantic,B2,5,1856.0,1856.0,1856.0,0.0
H2 VQE,Semantic,B3,5,1856.0,1856.0,1856.0,0.0
H2 VQE,Semantic,B4,5,1856.0,1856.0,1856.0,0.0
H2 VQE,Semantic,B5,5,0.0,0.0,0.0,1856.0
LiH VQE,Periodic (count),B1,5,3648.0,3264.0,3648.0,0.0
LiH VQE,Periodic (count),B2,5,3648.0,3264.0,3648.0,0.0
LiH VQE,Periodic (count),B3,5,3648.0,3264.0,3648.0,0.0
LiH VQE,Periodic (count),B4,5,3648.0,3264.0,3648.0,0.0
LiH VQE,Periodic (count),B5,5,3648.0,3264.0,3648.0,0.0
LiH VQE,Periodic (overhead),B1,5,3648.0,3264.0,3648.0,0.0
LiH VQE,Periodic (overhead),B2,5,3648.0,3264.0,3648.0,0.0
LiH VQE,Periodic (overhead),B3,5,3648.0,3264.0,3648.0,0.0
LiH VQE,Periodic (overhead),B4,5,3648.0,3264.0,3648.0,0.0
LiH VQE,Periodic (overhead),B5,5,3168.0,1344.0,3648.0,0.0
LiH VQE,Semantic,B1,5,3648.0,3264.0,3648.0,0.0
LiH VQE,Semantic,B2,5,3648.0,3264.0,3648.0,0.0
LiH VQE,Semantic,B3,5,3648.0,3264.0,3648.0,0.0
LiH VQE,Semantic,B4,5,3648.0,3264.0,3648.0,0.0
LiH VQE,Semantic,B5,5,0.0,0.0,0.0,3648.0
QAOA MaxCut,Periodic (count),B1,5,4096.0,4096.0,4128.0,0.0
QAOA MaxCut,Periodic (count),B2,5,4096.0,4096.0,4128.0,0.0
QAOA MaxCut,Periodic (count),B3,5,4096.0,4096.0,4128.0,0.0
QAOA MaxCut,Periodic (count),B4,5,0.0,0.0,0.0,4096.0
QAOA MaxCut,Periodic (count),B5,5,4096.0,4096.0,4128.0,0.0
QAOA MaxCut,Periodic (overhead),B1,5,4096.0,4096.0,4128.0,0.0
QAOA MaxCut,Periodic (overhead),B2,5,4096.0,0.0,4128.0,0.0
QAOA MaxCut,Periodic (overhead),B3,5,4096.0,4096.0,4128.0,0.0
QAOA MaxCut,Periodic (overhead),B4,5,0.0,0.0,4096.0,4096.0
QAOA MaxCut,Periodic (overhead),B5,5,0.0,0.0,0.0,4096.0
QAOA MaxCut,Semantic,B1,5,4096.0,4096.0,4128.0,0.0
QAOA MaxCut,Semantic,B2,5,4096.0,4096.0,4128.0,0.0
QAOA MaxCut,Semantic,B3,5,4096.0,4096.0,4128.0,0.0
QAOA MaxCut,Semantic,B4,5,4096.0,4096.0,4128.0,0.0
QAOA MaxCut,Semantic,B5,5,0.0,0.0,0.0,4096.0
